Country,BP_Start,BP_End,BP_Slope,BP_Curvature,Obesity_Start,Obesity_End,Obesity_Slope,Obesity_Curvature,Diabetes_Start,Diabetes_End,Diabetes_Slope,Diabetes_Curvature,Cluster,Cluster_Name,Country_Code,Continent,UHC_End,Gini_Index,Gini_Year,Income_Group,WHO_Region,Income_Group_Ordinal,BP_Residual,BP_Predicted_By_Obesity
Afghanistan,25.59596999121115,30.387490339570697,0.1654779205895612,-0.0597545339987914,0.8159581143395178,4.626889287631776,0.1249081773866929,0.105991487211403,5.202770040193438,11.34172943587261,0.2021011977457276,0.0805761668873006,4,Lean Hypertension / Low-Obesity Rising-BP,AFG,Asia,37.4,,,Low income,Eastern Mediterranean,1.0,3.9124728590777273,26.47501748049297
Albania,32.1562662526642,29.66900860632639,-0.0728740052875234,-0.0593960323464198,8.216668485177994,20.11564771002132,0.3930095459820349,0.2428730691594651,4.979636469690623,7.217475074823352,0.0756929795274327,0.0348122995266742,0,Moderate Transition,ALB,Europe,59.8,29.4,2020.0,Upper middle income,Europe,3.0,4.955847521420484,24.713161084905906
Algeria,31.42233493770313,26.11303870979887,-0.1804890909437432,-0.2652598121858727,9.216506673876982,25.63414821729789,0.5471342600365452,0.1647716302463235,5.384804939441641,11.92037914652802,0.2205127174993457,0.0723469074975602,0,Moderate Transition,DZA,Africa,67.6,27.6,2011.0,Upper middle income,Africa,3.0,2.0276106650533094,24.085428044745562
American Samoa,33.11876917405968,22.47539387364699,-0.3547372116094096,-0.022618417847141,42.82582520820311,60.699228953003,0.6033151035713357,-0.3200404629651361,19.98177986844179,31.68659000478936,0.39525761586797,-0.444721521371352,1,Pacific Extreme Outliers,ASM,Oceania,,,,Upper middle income,,3.0,2.3786416847191596,20.09675218892783
Andorra,36.41540241346464,20.090149338069928,-0.5546061369595037,-0.0357704171157542,16.95659967195337,25.667821355675823,0.2841522520017548,-0.1366778858280752,6.860348981327204,6.973512079233595,0.0039097960745652,-0.0210245676520277,2,Wealthy Decouplers,AND,Europe,71.2,,,High income,Europe,4.0,-3.991448365172932,24.08159770324286
Angola,28.40724511938202,30.013675428805733,0.0539948497653706,-0.1999989237002204,1.28460798135102,6.95762405001137,0.1869092177238796,0.151466280211665,2.882839912138609,7.751185446867957,0.160955603591271,0.0782974334551229,4,Lean Hypertension / Low-Obesity Rising-BP,AGO,Africa,37.6,51.3,2018.0,Lower middle income,Africa,2.0,3.8037805511406084,26.209894877665125
Antigua and Barbuda,24.56870232440348,23.0494237144757,-0.0574638753687662,0.0699416257530897,7.381772017382689,17.626135890529298,0.340832526248719,0.0689847704045284,4.957399758400937,10.813780957561413,0.1924390406719548,0.1203755711167438,0,Moderate Transition,ATG,North America,80.8,,,High income,Americas,4.0,-1.9469209672975474,24.996344681773248
Argentina,37.81263037792212,23.645512156116407,-0.4791268311695597,0.0924645339382179,13.93310556621877,27.13318791390767,0.4397589242754254,0.0638777147809747,6.864397443090408,9.399438852059262,0.0829631869287257,0.0258904575240098,3,High-Starting-BP Recovery,ARG,South America,79.0,42.4,2024.0,Upper middle income,Americas,3.0,-0.2693991432137821,23.91491129933019
Armenia,33.55445913972419,25.679750096955683,-0.2681855166887777,0.1478092697885078,9.376020816131687,19.0077081644475,0.3136183084657377,0.0938659265537011,6.531259599543051,11.030100886831873,0.1473939444528093,0.1194047244788274,3,High-Starting-BP Recovery,ARM,Asia,67.6,27.4,2024.0,Lower middle income,Europe,2.0,0.8405601644778962,24.839189932477787
Australia,32.434412059878845,16.516621469499547,-0.5273994018170615,0.0403199301182053,12.99227509919496,27.72959667172281,0.4988026616974425,0.1555053395148929,4.982307840352409,5.896306374085887,0.0342995643623509,-0.0345781205324228,2,Wealthy Decouplers,AUS,Oceania,88.6,33.8,2020.0,High income,Western Pacific,4.0,-7.330447943755267,23.847069413254815
Austria,34.222753614772444,22.34417915762677,-0.402122565188171,-0.1875307354348788,8.826543889008384,19.1488319932718,0.3464408177614781,0.0873361671684165,3.9183341873194415,4.323128907413936,0.0164097388441688,-0.016857569573465,2,Wealthy Decouplers,AUT,Europe,81.6,31.2,2023.0,High income,Europe,4.0,-2.4789578470692533,24.823137004696022
Azerbaijan,30.265435082453717,24.68157789233943,-0.1867501221680515,0.1299415051634738,7.907510965488447,18.20685250036776,0.3346763721955586,0.1747075774382062,6.003221512678092,11.61387179847248,0.1782714291000013,0.1907852640756976,0,Moderate Transition,AZE,Asia,61.4,26.6,2005.0,Upper middle income,Europe,3.0,-0.24870989544878697,24.930287787788217
Bahamas,33.62207715346234,22.0539662059169,-0.3976393201797117,-0.038881906368888,15.24632042393301,30.253974259116703,0.4992487326463026,-0.0159017918898196,7.423971804085421,12.12014757352741,0.1590984854960312,-0.0075244351159438,3,High-Starting-BP Recovery,BHS,North America,80.0,,,High income,Americas,4.0,-1.5059536065798973,23.559919812496798
Bahrain,38.12890893619466,22.07040144696983,-0.5409638256898677,0.0678908207227496,18.31364624264372,30.276664031123996,0.395337343478039,0.0572572638835137,8.996424366245044,11.128647723492753,0.0743273390062358,0.0091061009174359,3,High-Starting-BP Recovery,BHR,Asia,77.4,,,High income,Eastern Mediterranean,4.0,-1.4869373891287765,23.557338836098605
Bangladesh,22.281638312412333,25.103948322635897,0.0962149583894309,-0.2303877019120597,0.4183207743647711,2.985684368524501,0.0830162314815845,0.0799290036322279,4.054847925368163,9.39444332881449,0.1801972515899025,0.0334944557122308,4,Lean Hypertension / Low-Obesity Rising-BP,BGD,Asia,39.8,30.9,2022.0,Lower middle income,South-East Asia,2.0,-1.5577572902652967,26.661705612901194
Barbados,29.874371598576328,24.44265201411419,-0.1840389918481615,0.0884506426421447,9.679734416681285,21.596967185479286,0.4013219396968683,0.2276988293868315,6.350099412126308,11.634294249841185,0.1773882388863889,0.0902606152540465,0,Moderate Transition,BRB,North America,80.8,34.1,2016.0,High income,Americas,4.0,-0.10200801211611221,24.544660026230304
Belarus,40.02217826666909,28.618721623836688,-0.393980596325264,-0.2512856948191973,12.327083957041308,23.58648307020963,0.3698859440766442,-0.023232371233739,5.381134262317178,7.631981099135144,0.0743331113360547,0.0133613093662948,3,High-Starting-BP Recovery,BLR,Europe,76.2,24.4,2020.0,Upper middle income,Europe,3.0,4.30037033004599,24.3183512937907
Belgium,35.038944735755535,18.390929339734814,-0.5589244845301193,0.2888643816957543,12.429015264786262,21.54300602306618,0.3063667108957693,0.0439699526138895,5.799706402735174,4.6062680552578446,-0.0404382505791653,-0.0060629525792148,2,Wealthy Decouplers,BEL,Europe,84.6,26.8,2023.0,High income,Europe,4.0,-6.159868803994527,24.55079814372934
Belize,30.700886001390007,23.00551151477768,-0.2636602410783012,0.0980591400521863,10.666557231755911,22.72934290792735,0.4061429532413457,0.1525341343030398,6.650027832466316,12.098471175280531,0.184892969561492,0.0715934703940991,0,Moderate Transition,BLZ,North America,68.6,39.9,2018.0,Upper middle income,Americas,3.0,-1.4103400327873032,24.415851547564984
Benin,29.31274251027132,28.340251950569872,-0.0379857389965553,-0.2663738989112562,1.8122214007863349,8.422366335099015,0.2190881558036614,0.1154064751577107,3.0696183109560837,6.923056777596713,0.1315464978369206,0.0149923441131002,4,Lean Hypertension / Low-Obesity Rising-BP,BEN,Africa,32.0,34.4,2021.0,Low income,Africa,1.0,2.2969724653391737,26.0432794852307
Bermuda,42.50651734206203,22.632900302764803,-0.6807339463796591,0.291396708862281,22.876126146759823,34.63216345923829,0.3926186470477653,0.0908907834758693,11.00206011447247,14.345636049069949,0.1044077388892247,0.1450263545572937,3,High-Starting-BP Recovery,BMU,North America,,,,High income,,4.0,-0.4289976261848949,23.061897928949698
Bhutan,23.700414760611924,28.07432505376206,0.1508242604960252,-0.1154081850969768,0.7262081702836153,5.637075957400883,0.162143677469809,0.155396949942157,4.570429281531278,11.43913390345028,0.2378288988054919,-0.0189897577598353,4,Lean Hypertension / Low-Obesity Rising-BP,BTN,Asia,58.2,28.5,2022.0,Lower middle income,South-East Asia,2.0,1.71421696731689,26.36010808644517
Bolivia,24.869816304643823,18.491153482177307,-0.2275461394661286,-0.0793484252653853,6.593037147270664,18.83197581107264,0.4093510254839628,0.0636425523304393,4.630247631747407,7.640415552403775,0.0990001248886616,0.0197474326249903,2,Wealthy Decouplers,BOL,South America,54.8,40.9,2024.0,Lower middle income,Americas,2.0,-6.368026120373553,24.85917960255086
Bosnia and Herzegovina,31.888160225180496,30.717765471407603,-0.0557187858493416,0.0058041319152464,7.961652803592794,16.924861127086082,0.2942395626373777,0.0453213393097559,4.772779776344689,7.352695932002016,0.0965702183858664,0.0009759795758483,4,Lean Hypertension / Low-Obesity Rising-BP,BIH,Europe,61.0,30.3,2021.0,Upper middle income,Europe,3.0,5.641650326867616,25.076115144539987
Botswana,30.01889908952512,29.92648656493284,-0.0195531137222789,-0.5320814975323724,4.096759694556157,17.898729866262766,0.4737211501025033,-0.1010367279527094,3.162605796521839,8.16764555919492,0.1678081675361787,-0.0556047210893281,4,Lean Hypertension / Low-Obesity Rising-BP,BWA,Africa,56.4,54.9,2015.0,Upper middle income,Africa,3.0,4.961149626094642,24.9653369388382
Brazil,34.352750962328834,24.45914007499491,-0.3390693808933956,-0.1348252823111553,7.523485862599928,20.76797687227387,0.4452669010861405,0.0892855687272792,5.360065962292195,8.006611255793425,0.0862916943150039,0.0124768249747204,2,Wealthy Decouplers,BRA,South America,80.2,50.3,2024.0,Upper middle income,Americas,3.0,-0.1798181412755575,24.638958216270467
Brunei Darussalam,26.292663589582112,19.54804331060437,-0.2277890486592521,-0.0578477420976913,3.378279592252855,12.594854596049077,0.3069586259711236,0.2114480063170002,7.59307849063372,9.48942173336499,0.0695272876495379,-0.0732073454484455,2,Wealthy Decouplers,BRN,Asia,81.0,,,High income,Western Pacific,4.0,-6.02061290737721,25.56865621798158
Bulgaria,38.230998600138165,29.11541454426644,-0.3313696997617339,-0.1891679367048282,13.238928879505035,24.04157953566613,0.3545036601448745,0.0653346137228313,5.24850869098047,7.417342958602584,0.0703900822296939,0.0543080454075074,3,High-Starting-BP Recovery,BGR,Europe,68.4,39.5,2023.0,Upper middle income,Europe,3.0,4.848830770919118,24.26658377334732
Burkina Faso,27.312122875276508,32.43026136941113,0.1694609228151046,-0.2200443547894888,0.6809201369574553,4.443976979060011,0.1215817323694135,0.1230063444886488,2.4282591865029857,6.138112917558157,0.1262744694977963,0.0539647522118334,4,Lean Hypertension / Low-Obesity Rising-BP,BFA,Africa,35.4,37.4,2021.0,Low income,Africa,1.0,5.934437494247884,26.495823875163243
Burundi,20.85259574309088,28.47328888059481,0.2516225679147311,-0.0547398793254674,0.8829833916480272,4.576930765386933,0.121073454360418,0.1011980431647967,1.340687480239346,3.90818066606676,0.0858198767382199,0.0339707902365956,4,Lean Hypertension / Low-Obesity Rising-BP,BDI,Africa,44.8,37.5,2020.0,Low income,Africa,1.0,1.9925885855384813,26.48070029505633
Cabo Verde,30.17537851108171,30.29964513496256,0.0061988141918095,-0.4494951979067757,1.6604815244338451,10.452269219452734,0.2964087542616588,0.1180647575196494,3.354845529342489,8.342319135342358,0.1732202304466384,0.0179890098644118,4,Lean Hypertension / Low-Obesity Rising-BP,CPV,Africa,61.6,42.4,2015.0,Lower middle income,Africa,2.0,4.487268429779707,25.812376705182853
Cambodia,20.35510198726155,25.58521927261877,0.1739225272517719,-0.1002676501755964,0.4003436418192477,3.1221072813762945,0.0887704004167059,0.079847467510839,3.1729216169420558,6.870469119405845,0.1235397041911697,0.0202519726128187,4,Lean Hypertension / Low-Obesity Rising-BP,KHM,Asia,48.2,,,Lower middle income,Western Pacific,2.0,-1.0609681447655355,26.646187417384304
Cameroon,27.6286580323208,25.654728257019496,-0.0668493996867532,-0.2952957588112503,2.2420921960082274,10.12125644286086,0.2614349125240934,0.1465122655273114,3.150726473491371,6.457738030903374,0.111970094189433,0.0368300267745945,4,Lean Hypertension / Low-Obesity Rising-BP,CMR,Africa,43.6,42.2,2021.0,Lower middle income,Africa,2.0,-0.19530136788456431,25.85002962490406
Canada,27.609220291187263,14.273099914881808,-0.4429611077186179,0.0640307955024875,12.411190821191871,28.11455200937369,0.5319170579565243,0.1232517006628418,4.569265714275868,5.488166124823307,0.0329058622110297,-0.0411819243266323,2,Wealthy Decouplers,CAN,North America,89.8,31.5,2022.0,High income,Americas,4.0,-9.53018057706895,23.80328049195076
Central African Republic,30.502319883606845,31.17988614846872,0.0188845185952355,-0.0945359022366357,1.788482165221684,6.485029245937906,0.154277843410189,0.0944580644985695,3.030098429715681,7.34637926145672,0.1420020464984055,0.0914295229449243,4,Lean Hypertension / Low-Obesity Rising-BP,CAF,Africa,29.2,43.0,2021.0,Low income,Africa,1.0,4.91623330290383,26.26365284556489
Chad,29.21285655420989,32.49204602837665,0.1017096852815286,-0.1243454778813562,1.1750460525429072,5.25754246811662,0.1344772281263135,0.0910544452797676,2.7224641439792903,6.672767078791091,0.1342776905975067,0.0682684902018454,4,Lean Hypertension / Low-Obesity Rising-BP,TCD,Africa,25.0,37.4,2022.0,Low income,Africa,1.0,6.088765759423399,26.40328026895325
Chile,34.44267095301457,21.95884360023515,-0.4167562143157756,0.0371645368763998,14.09482951445886,26.940640411321283,0.4282502961174553,0.0903611605296385,7.541766981527978,10.157726724172294,0.0874233889574198,0.066522073131564,3,High-Starting-BP Recovery,CHL,South America,75.2,43.0,2024.0,High income,Americas,4.0,-1.9779701033830293,23.936813703618178
China,18.88480606735013,19.69947237904402,0.0371562842167483,-0.2153241833648226,0.7669650818470777,5.192284101797263,0.1442839244971736,0.140166175373707,4.357222984072299,8.389152568892525,0.1353865265844524,0.1003260550614214,4,Lean Hypertension / Low-Obesity Rising-BP,CHN,Asia,75.4,36.0,2022.0,Upper middle income,Western Pacific,3.0,-6.711231071737615,26.410703450781636
China (Hong Kong SAR),31.70351228771964,20.28149973151116,-0.3768878507165098,0.0271987423673626,4.769128856209436,10.15171353707468,0.1798899895283694,-0.0044791821109948,7.6304549039261955,7.505779455643079,-0.0033682559810587,-0.051797169701431,2,Wealthy Decouplers,HKG,Asia,,,,High income,,4.0,-5.5650653790162,25.84656511052736
Colombia,27.7755927327124,19.94507766210241,-0.2666567217559403,-0.0687184917494284,8.88292553355603,21.024965744742723,0.4042950127351542,0.0651676016245181,5.149066957578467,8.299448914240262,0.1063368111397584,-0.012540389665742,2,Wealthy Decouplers,COL,South America,75.8,54.4,2024.0,Upper middle income,Americas,3.0,-4.664647901930454,24.609725564032864
Comoros,25.26180330903272,27.48197927321134,0.0658312807035289,-0.0044921819476931,1.7907154851844738,6.890779647823225,0.1681153831004147,0.085135380351859,3.368283369316458,7.561461051432968,0.1412625662458888,0.0357628014336763,4,Lean Hypertension / Low-Obesity Rising-BP,COM,Africa,46.0,30.3,2024.0,Low income,Africa,1.0,1.2644808011009587,26.217498472110382
Congo,31.973491043832148,26.8054092769086,-0.1827045707646338,-0.1004156551716495,2.3326298477800087,8.575483169800627,0.2055083618153592,0.1107699339161784,3.6015855339105287,7.3259217285334275,0.1207065497567394,0.0069013332635314,4,Lean Hypertension / Low-Obesity Rising-BP,COG,Africa,41.0,48.9,2011.0,Lower middle income,Africa,2.0,0.7795469317180661,26.025862345190532
Cook Islands,28.756350753411997,22.79037917787044,-0.1910528455330707,0.0092080854772703,33.36240383417473,55.30655180111346,0.7451005463831357,0.0318628321254885,12.675531507042232,27.01711874519959,0.4858224384063833,-0.2430854814035351,1,Pacific Extreme Outliers,COK,Oceania,74.8,,,,Western Pacific,,2.08020643770859,20.710172740161852
Costa Rica,24.98614595859179,19.48747966772255,-0.1865505538189832,-0.1033019039302345,7.313593145012864,23.759834311706097,0.5510390777325067,0.2682735540070062,4.517374805916111,8.62409555466979,0.1402627969765335,0.0055893654246135,0,Moderate Transition,CRI,North America,82.2,45.5,2025.0,Upper middle income,Americas,3.0,-4.811152809027785,24.298632476750335
Cote d'Ivoire,29.844813605067,27.9644077048675,-0.0665918419516275,-0.2142715629010045,2.401115667536485,9.321472809460456,0.2275466255444545,0.1605285319384919,3.4292769491907533,6.566465122600427,0.1057743162049618,0.0119928286839104,4,Lean Hypertension / Low-Obesity Rising-BP,CIV,Africa,36.8,35.3,2021.0,Lower middle income,Africa,2.0,2.0234021688435746,25.941005536023926
Croatia,38.158116169879534,32.41568154848825,-0.2101429747688352,0.0747563628000082,11.917514089058438,23.251833409131923,0.3717206569112655,0.0856989362503405,4.761695195427587,7.0744748994749385,0.0734060329771337,0.0368111209732119,3,High-Starting-BP Recovery,HRV,Europe,74.0,30.1,2023.0,Upper middle income,Europe,3.0,8.05926363698864,24.356417911499612
Cuba,33.45077276510449,19.77338094996457,-0.4811185263444978,-0.0511888667942655,10.680509146929523,23.5550278870049,0.4265675647436627,0.0499175418170771,5.808335623660853,8.19450083969554,0.0738531081818545,-0.0207220188391971,2,Wealthy Decouplers,CUB,North America,82.6,,,Upper middle income,Americas,3.0,-4.5485483914780005,24.32192934144257
Cyprus,27.2298080053822,20.77609498764685,-0.2190513288115082,-0.3384951149205999,9.095928888898372,21.17866982094067,0.397462224737212,-0.1169027056026875,3.913137616627405,6.892905438313067,0.1029745103324075,-0.0771972938955219,2,Wealthy Decouplers,CYP,Asia,72.6,31.8,2023.0,High income,Europe,4.0,-3.816146637241758,24.592241624888608
Czech Republic,40.6384991905663,28.586053912108337,-0.4126112145986433,0.1488540456851811,17.13804300390576,25.440372590482163,0.2685117532868901,0.0524262138801462,6.7787247316856,7.414205428571806,0.0200645097080623,0.0550865679846122,3,High-Starting-BP Recovery,CZE,Europe,82.0,25.7,2023.0,High income,Europe,4.0,4.478583763140872,24.107470148967465
DR Congo,28.390247972958548,28.602161945323097,0.0015579956859684,-0.1133474607012314,1.2320285946448248,5.742128940956556,0.148483212673278,0.119374703241046,2.5627301373003597,5.789969387971656,0.1056849362942695,0.0477879452241241,4,Lean Hypertension / Low-Obesity Rising-BP,COD,Africa,37.6,44.7,2020.0,Low income,Africa,1.0,2.254003704430783,26.348158240892314
Denmark,35.83984065218626,22.375327958598383,-0.4258853458319672,-0.0923344896557914,9.21520516614295,18.852885612927487,0.3215714181817329,0.0650782326453977,4.706758488490133,4.347648564173132,-0.0122019728649794,-0.0319866383050254,2,Wealthy Decouplers,DNK,Europe,80.8,29.9,2023.0,High income,Europe,4.0,-2.4814731403226986,24.856801098921082
Djibouti,38.12690456405288,27.74441060677063,-0.3514551498337916,0.0038771541530963,5.760078837974257,12.783463167834077,0.2295870791288591,0.0376026917033421,5.855300733703659,8.07984256010219,0.0780925535364071,-0.0764507564787671,3,High-Starting-BP Recovery,DJI,Africa,41.0,41.6,2017.0,Lower middle income,Eastern Mediterranean,2.0,2.197208737123489,25.54720186964714
Dominica,29.00101239152829,23.357801976488933,-0.1985424620570929,-0.2511902790129906,9.49561362074622,26.39519297509156,0.5594894984007914,-0.0860350000823331,5.393459287390593,10.621170788398706,0.1711029349040857,0.0152302773865665,3,High-Starting-BP Recovery,DMA,North America,74.6,,,Upper middle income,Americas,3.0,-0.6410567295607343,23.998858706049667
Dominican Republic,28.0716538044278,22.47842671837269,-0.1809236874713753,-0.1104955721295863,8.867997205375488,25.425890472909902,0.5452034212717104,0.3106041188209909,4.343794694630269,9.721513597106483,0.1872447866804851,0.0551890844699402,0,Moderate Transition,DOM,North America,73.2,39.0,2024.0,Upper middle income,Americas,3.0,-1.6306907809356197,24.109117499308308
Ecuador,22.978839885408615,18.307217438676368,-0.1630488106744256,-0.0645137645597987,7.033723587716255,18.69502198567698,0.3900545117010162,0.0571139459054855,4.262248018156323,7.632341495495334,0.1120406617817828,0.0079837471455913,2,Wealthy Decouplers,ECU,South America,73.4,45.9,2025.0,Upper middle income,Americas,3.0,-6.567540751040308,24.874758189716676
Egypt,29.489321459020232,25.33856800562207,-0.140065742583105,-0.0508718452348993,14.850501863328466,30.19274416361487,0.5081492238949031,0.1815933269639683,7.591202493854118,16.90507019911457,0.3064239165888512,0.1715108227257455,0,Moderate Transition,EGY,Africa,73.8,28.5,2021.0,Lower middle income,Eastern Mediterranean,2.0,1.7716832297356717,23.566884775886397
El Salvador,24.57697521990106,19.41144558130465,-0.1730325822777461,-0.0500993293415694,7.813725924641631,22.46663930055403,0.4969138217816127,0.165574182784751,5.400460249285487,9.736949325263012,0.1509300280792109,-0.0181372680770213,0,Moderate Transition,SLV,North America,77.6,39.8,2023.0,Lower middle income,Americas,2.0,-5.034288673329055,24.445734254633706
Equatorial Guinea,28.49061903551021,28.515258691875204,-0.007173424873675,-0.137623730935633,1.7532937300786735,7.345692236287485,0.188021140869668,0.081307288114146,2.86331059210979,8.874579784359389,0.2069373323508424,0.1441916600790163,4,Lean Hypertension / Low-Obesity Rising-BP,GNQ,Africa,38.8,38.5,2022.0,Upper middle income,Africa,3.0,2.349506824080134,26.16575186779507
Eritrea,24.67300805116665,28.564431234800008,0.1303933657472064,-0.0367697354217847,0.894152305686229,4.117065464487529,0.1053072170263886,0.0878475275377193,2.337243181776981,5.252078416404312,0.0999179818567328,0.0127927817533456,4,Lean Hypertension / Low-Obesity Rising-BP,ERI,Africa,38.6,,,Low income,Africa,1.0,2.0314209611512695,26.53301027364874
Estonia,41.58910939435445,28.430530525152392,-0.4559025491381701,0.0838662893276639,14.138888673666347,20.74790683821951,0.2149664284261166,0.0444261939972291,6.212010316661606,7.00650614648512,0.0253785818428451,0.0328377018474583,3,High-Starting-BP Recovery,EST,Europe,75.2,30.7,2023.0,High income,Europe,4.0,3.78928932938841,24.641241195763982
Ethiopia,23.83852869317168,29.692609770721653,0.1954023652032288,-0.0074622403054672,0.7547782922507613,3.754118682030656,0.0980825958332114,0.0808860994035141,2.425123881666311,5.175467869480897,0.0930721335346848,0.0163598840451472,4,Lean Hypertension / Low-Obesity Rising-BP,ETH,Africa,24.8,31.1,2021.0,Low income,Africa,1.0,3.118314063309221,26.574295707412432
Fiji,24.12778445999844,21.878960194108764,-0.0691903753296913,-0.0433294893111346,12.493577416265987,28.76403426118601,0.5512320398593069,0.0982623542576653,9.534357816774888,16.66397449298228,0.2420440632197712,0.2087115092256221,0,Moderate Transition,FJI,Oceania,67.0,30.7,2019.0,Upper middle income,Western Pacific,3.0,-1.850441267130165,23.72940146123893
Finland,35.862021037379634,20.72028742302091,-0.5202906379037483,-0.1391434377379349,9.442097352150544,21.48163602420882,0.4031650935276182,-0.0435344545649701,5.057528218986495,5.396046265627396,0.0108884682948768,-0.0577931581858153,2,Wealthy Decouplers,FIN,Europe,83.6,27.4,2023.0,High income,Europe,4.0,-3.837491598196177,24.557779021217087
France,38.54432477170185,23.7376998272143,-0.491692490039393,-0.0787243099950337,10.862613607884809,20.85348753633853,0.3356184838972256,0.0761621641518555,4.967951292811168,5.883713621705178,0.0324564270284182,0.0021550903562407,2,Wealthy Decouplers,FRA,Europe,81.0,31.8,2023.0,High income,Europe,4.0,-0.891531495120276,24.629231322334576
French Polynesia,32.29374836934561,26.36754091550552,-0.1952241512867024,0.2039930394214915,34.02088200293919,50.74094981965976,0.5538751525689517,0.0100451606796839,11.545037059955462,20.3832488140686,0.2976162402254186,-0.1442776092032047,1,Pacific Extreme Outliers,PYF,Oceania,,,,High income,,4.0,5.138027965407833,21.229512950097686
Gabon,33.05350081400053,26.37602702668081,-0.2545117275225895,-0.3610795351365137,3.429305799595073,14.04987387175494,0.3573860216884763,0.059407026717054,4.126352052542499,9.64285517167718,0.1878955804089719,-0.0004631753691307,4,Lean Hypertension / Low-Obesity Rising-BP,GAB,Africa,53.2,38.0,2017.0,Upper middle income,Africa,3.0,0.972880202460523,25.403146824220286
Gambia,30.729494519292317,29.89485983223971,-0.0362249005766941,-0.3438924447899963,1.6535529884920592,9.08137579488576,0.2480271180941643,0.1619921746525393,3.370187098559452,8.240581558496618,0.164324057551705,0.0714456386994506,4,Lean Hypertension / Low-Obesity Rising-BP,GMB,Africa,52.0,38.8,2020.0,Low income,Africa,1.0,3.9265431038558916,25.96831672838382
Georgia,29.50494568962946,26.23726994070604,-0.1153148846797753,0.1921564781716998,8.357346519952205,19.810436784883574,0.3717705246797949,0.152448796845604,5.762120509031494,11.818491491186329,0.1910486928593272,0.2175804961058503,0,Moderate Transition,GEO,Asia,69.4,33.9,2024.0,Lower middle income,Europe,2.0,1.4893909135485686,24.74787902715747
Germany,38.52260387212488,21.49904162455967,-0.5943418666343928,-0.2282715438586477,10.82201226594712,21.481008276200832,0.3579462742364973,0.0621027229186466,4.599932250614929,4.935953611439212,0.0124865974578024,-0.0111396713487664,2,Wealthy Decouplers,DEU,Europe,85.2,33.7,2022.0,High income,Europe,4.0,-3.0588088034036858,24.557850427963356
Ghana,27.80407881061591,24.59071530992268,-0.1094834442125185,-0.2645724390920681,2.2179527007374027,9.550237112646895,0.2464809014872084,0.1502892766047212,3.166771257767447,6.311702343137793,0.1085016709443598,-0.0021748302236239,4,Lean Hypertension / Low-Obesity Rising-BP,GHA,Africa,42.4,43.5,2016.0,Lower middle income,Africa,2.0,-1.3242681370699891,25.914983446992668
Greece,31.108499457774023,20.111820800562946,-0.3767562824022623,-0.0688512552137874,12.549848036085574,24.0276058185262,0.381329113901925,0.0374098007861729,5.493299189721224,6.569395003320861,0.0363581186566066,-0.0051398783416519,2,Wealthy Decouplers,GRC,Europe,73.2,33.4,2023.0,High income,Europe,4.0,-4.156352492243695,24.26817329280664
Greenland,35.79632724743092,21.477146785613108,-0.4828669655416151,-0.075637306428197,10.137957813893689,21.828640974290455,0.3909387970495159,0.0557179618324704,4.91981206052616,5.08455164232642,0.0055444440653928,-0.0279384802374575,2,Wealthy Decouplers,GRL,North America,,,,High income,,4.0,-3.041160195694186,24.518306981307294
Grenada,25.90461185226081,24.22252815843722,-0.0589247823769002,0.0146274594393901,7.337901567479378,19.76647213798325,0.4175885167894344,0.1765195133095264,4.458973859417272,10.467837618279612,0.2020376283737289,0.0974410782085717,0,Moderate Transition,GRD,North America,76.0,43.8,2018.0,Upper middle income,Americas,3.0,-0.5303518760449606,24.75288003448218
Guatemala,24.54693445883585,21.49800519372235,-0.1026664044541194,0.0043343567111901,6.859231559917893,19.26273108424433,0.4146825282559974,0.1636916504767945,4.8637828538372165,9.321056866695766,0.1526360745307349,0.0413023298607687,0,Moderate Transition,GTM,North America,58.0,45.2,2023.0,Lower middle income,Americas,2.0,-3.3121757149194266,24.810180908641776
Guinea,27.37082736816219,30.218643484520204,0.0943391713861724,-0.1269344880412401,1.4538498294742657,6.670492425450422,0.1713972560411331,0.1143573050687634,2.5872031878501502,6.104536461955114,0.1187119435670293,0.0394085917360227,4,Lean Hypertension / Low-Obesity Rising-BP,GIN,Africa,31.0,29.6,2018.0,Low income,Africa,1.0,3.9760871968626077,26.242556287657596
Guinea Bissau,28.21889594818328,30.69350743923157,0.0887707828941517,-0.1502552092684143,1.344771724522525,8.17859430475724,0.2274365649618232,0.1590999421024922,2.837179055619302,6.839534251164044,0.137416700423596,0.0400826280379418,4,Lean Hypertension / Low-Obesity Rising-BP,GNB,Africa,40.6,33.4,2021.0,Low income,Africa,1.0,4.622498726195108,26.071008713036463
Guyana,24.99758274609072,22.806690641520795,-0.0766818889312405,0.1098690469927871,6.846576855592484,18.26762723495434,0.3783575046675193,0.1893808591539089,4.483482640789776,10.210836131897564,0.1923546731576121,0.1161336755307807,0,Moderate Transition,GUY,South America,68.0,45.1,1998.0,Upper middle income,Americas,3.0,-2.1166839804796,24.923374622000395
Haiti,24.68530101397901,25.131182391967904,0.0260814013822339,-0.1528713217137109,4.431730928701089,19.94435080533584,0.5117302967175424,0.367078914580312,3.047616730737364,8.236514652294645,0.1761776798437645,0.0762842203334773,0,Moderate Transition,HTI,North America,39.0,41.1,2012.0,Low income,Americas,1.0,0.3985361721768079,24.732646219791096
Honduras,23.91357273787365,21.74411389069261,-0.0723218443825723,-0.0321915372089227,6.239632472983975,19.592702054284054,0.4445366160028414,0.1824586569878009,4.0082299429578345,8.800787777686015,0.1597037661143747,0.0652840232590972,0,Moderate Transition,HND,North America,60.0,45.7,2024.0,Lower middle income,Americas,2.0,-3.0285326044042975,24.772646495096907
Hungary,42.02016441805039,31.209186242987847,-0.3782262673631524,-0.1769660967292748,15.073420976145162,25.36657102204312,0.3333138762029539,0.1283838444358102,5.831005116752392,7.610594419345196,0.0575788009938923,0.0414474553613432,3,High-Starting-BP Recovery,HUN,Europe,78.6,30.6,2017.0,High income,Europe,4.0,7.09332111736617,24.115865125621678
Iceland,36.474647617653766,20.89226746460764,-0.5218566937798951,0.1247951957942115,10.608895098796411,21.111837380064912,0.3528974533238056,0.0408767030232776,6.465916763184329,5.957977384411962,-0.0224015439215703,-0.0387069447867925,2,Wealthy Decouplers,ISL,Europe,87.2,26.8,2019.0,High income,Europe,4.0,-3.7075763941191155,24.599843858726757
India,23.732370473645027,25.58444262822899,0.0610789066440532,-0.011735844838354,0.5845381111679855,3.312066810112038,0.0891827744621052,0.0747866502671081,4.410896207652311,8.559126164600425,0.1431097889767415,-0.0542329423421138,4,Lean Hypertension / Low-Obesity Rising-BP,IND,Asia,56.0,25.5,2022.0,Lower middle income,South-East Asia,2.0,-1.040136768584599,26.62457939681359
Indonesia,23.289425972407003,24.168619671151124,0.0346595800821729,-0.2062312463905767,0.7019303632556285,5.710745936384742,0.1650929931928563,0.160636464741812,3.872125750540724,7.541155735099393,0.1272967810527646,-0.0291637416481499,4,Lean Hypertension / Low-Obesity Rising-BP,IDN,Asia,54.2,34.4,2025.0,Lower middle income,Western Pacific,2.0,-2.183108407026385,26.35172807817751
Iran,29.78762924535143,20.934895956004134,-0.2934754786491345,-0.136493432388966,9.340955235477962,24.215985726801343,0.4959752994944034,0.1479144418836593,5.662930964580281,11.48404077515712,0.1938307245558908,0.1839924298741149,0,Moderate Transition,IRN,Asia,75.2,35.9,2023.0,Upper middle income,Eastern Mediterranean,3.0,-3.3118489990917936,24.246744955095927
Iraq,34.24045869945512,25.855514635693588,-0.2861386313466502,0.0003428757505344,15.310977675341466,28.892854535328087,0.4400326604294424,0.0572551258771051,8.45248971149284,16.40233255343945,0.257225530417974,0.1903988557706837,3,High-Starting-BP Recovery,IRQ,Asia,67.2,29.8,2023.0,Upper middle income,Eastern Mediterranean,3.0,2.1407665648484553,23.714748070845133
Ireland,31.96004418198213,21.299813155895087,-0.3391487828048231,-0.1578116604560994,8.770570915100276,23.66907130233449,0.4991846778653024,0.1845400034839057,3.920848047653236,6.141398095651788,0.07749530055192,-0.0222785217434118,2,Wealthy Decouplers,IRL,Europe,79.8,29.0,2023.0,High income,Europe,4.0,-3.0091436725032743,24.30895682839836
Israel,34.32877969888311,18.03656826002134,-0.551632386773708,0.0320456491886819,15.72393478123331,25.7156515284218,0.3340948842414293,-0.006663623963922,5.755432186016049,6.375230868122737,0.0189724048540376,-0.0480582455538788,2,Wealthy Decouplers,ISR,Asia,80.8,38.3,2022.0,High income,Europe,4.0,-6.0395887298049615,24.076156989826302
Italy,34.99910634669861,22.82623275670127,-0.4096178689993694,-0.2666431792203262,10.392857811940736,19.39233628859271,0.3022585985005032,0.0383522607282849,4.780829639864615,5.757580975098545,0.0333384371704383,0.0060724735782567,2,Wealthy Decouplers,ITA,Europe,80.8,34.3,2023.0,High income,Europe,4.0,-1.9692054752226333,24.795438231923903
Jamaica,27.802153906060084,22.30483608490423,-0.1793159054989409,0.0318208662501089,9.221700660252887,22.85108475234955,0.4534721752814832,0.1523147698976298,4.967010361320813,11.217926520430437,0.2113894368137581,0.1095593255580546,0,Moderate Transition,JAM,North America,71.2,39.9,2021.0,Upper middle income,Americas,3.0,-2.097167248274779,24.40200333317901
Japan,30.22740375494429,18.44382352377211,-0.3908650998554016,0.1394158832676292,1.3026209258312482,3.763919366141001,0.0791694755081097,0.0887199322171506,5.544750346167772,6.710546802590876,0.0428147145542833,-0.0295571502683524,2,Wealthy Decouplers,JPN,Asia,81.6,32.3,2020.0,High income,Western Pacific,4.0,-8.129357349416036,26.573180873188146
Jordan,32.00648527368966,22.03921164512741,-0.3438993788940268,-0.1680992486783192,15.866349060851856,34.45392307090358,0.6217709044839177,-0.1134114016987782,8.538432069697961,16.2589413772951,0.2559407090287313,0.0290519449675606,3,High-Starting-BP Recovery,JOR,Asia,76.4,33.7,2010.0,Lower middle income,Eastern Mediterranean,2.0,-1.0429612445115524,23.08217288963896
Kazakhstan,33.045244595189466,27.203906643876955,-0.2032441260674166,0.1392315981730207,8.51945165691412,19.4668565784371,0.3605908156659507,0.1144998924399396,6.395241288452322,11.38245952094772,0.1643788000740439,0.0710111198399198,0,Moderate Transition,KAZ,Asia,81.6,29.2,2021.0,Upper middle income,Europe,3.0,2.416945143636955,24.78696150024
Kenya,23.712343805978215,26.39257185695866,0.0851206797331811,-0.0703516562460603,1.3147227785837612,6.058031926012548,0.1559262296671353,0.1256644373620634,2.536375845240936,5.718624015958561,0.106615827501007,0.0198877390292352,4,Lean Hypertension / Low-Obesity Rising-BP,KEN,Africa,51.6,38.5,2022.0,Lower middle income,Africa,2.0,0.08034778712303847,26.312224069835622
Kiribati,21.86408583539478,21.4535647462772,-0.0112714977960696,0.0370093152847196,22.19263242259113,44.87208755078088,0.7705387412809376,0.0027408158611152,7.570556124055562,21.628961784961795,0.4831075461428253,-0.0962559371511733,1,Pacific Extreme Outliers,KIR,Oceania,46.6,24.7,2023.0,Lower middle income,Western Pacific,2.0,-0.44353512339545276,21.89709986967265
Kuwait,41.39035045428998,24.55976926103633,-0.5764762240693614,-0.0042872967118851,24.78211338646362,38.55173941686542,0.4469361727533628,0.0016215639262786,12.65882615364638,18.97295095672726,0.2092186661069987,0.1547484785645039,3,High-Starting-BP Recovery,KWT,Asia,82.2,,,High income,Eastern Mediterranean,4.0,1.9437256595033574,22.616043601532972
Kyrgyzstan,28.86479611396557,26.50024608895594,-0.0771501595916361,0.1186956359838988,5.708984839760208,14.85034716538199,0.2983184870373368,0.1857963355924445,4.464095335672612,9.739651902779444,0.1720600182722917,0.1109309305241227,0,Moderate Transition,KGZ,Asia,70.2,27.5,2024.0,Lower middle income,Europe,2.0,1.1881536251571312,25.31209246379881
Lao PDR,21.5350471291575,24.93550378351001,0.1219501319644558,-0.1799980524871601,0.511895781033816,4.19642372812814,0.1183485360606,0.1439695590326492,3.6204006924513776,7.406324229676881,0.1303476997843561,0.0382232240228166,4,Lean Hypertension / Low-Obesity Rising-BP,LAO,Asia,50.2,34.7,2024.0,Lower middle income,Western Pacific,2.0,-1.5884794357729106,26.523983219282922
Latvia,42.8683005452246,30.15579297200494,-0.4502210084513326,0.058478108567952,15.248931621465918,22.968415177031904,0.2508788817727282,0.0303131903437153,6.256165060476766,7.033921259205497,0.0210674482001339,0.0184559056371768,3,High-Starting-BP Recovery,LVA,Europe,74.4,34.0,2023.0,High income,Europe,4.0,5.767136051332741,24.388656920672197
Lebanon,34.62173342414394,21.24813479505548,-0.4840840659067413,0.0997909209049197,15.768231906128094,31.187691654044368,0.5052611328610496,-0.063980431346274,7.144904994335595,12.487030498478711,0.165618823554564,0.2322904110257173,3,High-Starting-BP Recovery,LBN,Asia,67.0,35.5,2022.0,Upper middle income,Eastern Mediterranean,3.0,-2.205574053394887,23.45370884845037
Lesotho,26.448348935080823,28.452612527233903,0.0647145223427722,-0.1076566050521007,4.447440900128711,14.421155572608944,0.3348757970896154,0.1576908025958756,3.6731440491597143,8.211170943085552,0.1554316746334682,0.0463907723017722,4,Lean Hypertension / Low-Obesity Rising-BP,LSO,Africa,49.0,44.9,2017.0,Lower middle income,Africa,2.0,3.091699239193538,25.360913288040365
Liberia,30.60659224340863,28.729524282849265,-0.0842022027157097,-0.250907601666086,2.2387433555941803,8.856289933813319,0.2091636468779285,0.0150761588022396,3.948168762689949,7.292872261352511,0.0998952722694566,0.0656757340780139,4,Lean Hypertension / Low-Obesity Rising-BP,LBR,Africa,37.0,35.3,2016.0,Low income,Africa,1.0,2.735603890629264,25.99392039222
Libya,36.107178719705765,24.735923827778848,-0.399744976696021,-0.0170321449209678,16.266116016468583,31.06984043712863,0.4773089424122689,0.0019874267534359,8.65951529370978,15.27523428008676,0.2173847749468336,0.1705412863874497,3,High-Starting-BP Recovery,LBY,Africa,69.2,,,Upper middle income,Eastern Mediterranean,3.0,1.268809326364675,23.467114501414173
Lithuania,42.84311604850801,30.459160696789883,-0.4404166848526429,-0.0924968535799259,15.997582684814429,25.60852373713849,0.3092517407039537,-0.0687147300583178,7.000904125125965,7.76421401285103,0.0166801200840251,0.0459417067819173,3,High-Starting-BP Recovery,LTU,Europe,72.8,36.0,2023.0,High income,Europe,4.0,6.370817850675401,24.088342846114482
Luxembourg,40.64608137612904,23.43744783357771,-0.5961262776794369,-0.2232853911042919,10.217344980662208,21.66256371004997,0.3838729004384343,0.1075882587135796,5.05323055256203,5.4000303455363685,0.01092318022724,-0.0266172087169553,2,Wealthy Decouplers,LUX,Europe,82.4,33.6,2023.0,High income,Europe,4.0,-1.099750545102065,24.537198378679776
Macedonia (TFYR),35.859999953206206,28.93744670396427,-0.2428401845829994,-0.0432778132783851,11.8641932782469,21.60797425563928,0.3223471404864818,-0.013970684448565,5.500644805754197,7.028172706173,0.0486846829454893,-0.0107439257945635,3,High-Starting-BP Recovery,MKD,Europe,63.2,33.5,2019.0,Upper middle income,Europe,3.0,4.394038739160017,24.543407964804253
Madagascar,25.774699897444783,28.066011506479377,0.0757536392586942,-0.124335386683882,0.8601162354644607,4.459928263419918,0.1173782237306934,0.0934877298790567,2.6438447271752223,5.360151833304722,0.0915811016209879,0.0004650484507388,4,Lean Hypertension / Low-Obesity Rising-BP,MDG,Africa,27.8,36.8,2021.0,Low income,Africa,1.0,1.5720021003394677,26.49400940613991
Malawi,22.69801379955772,28.205736175174927,0.1857507646223687,-0.0749273967550451,0.9979385426502974,4.923148995794017,0.1298468802807738,0.0970037452793988,2.628460940635705,6.008454369563404,0.1141886589513046,0.0222949267692129,4,Lean Hypertension / Low-Obesity Rising-BP,MWI,Africa,43.4,38.5,2019.0,Low income,Africa,1.0,1.764418430151128,26.4413177450238
Malaysia,26.97787595309549,23.85936283562272,-0.0910334471314485,-0.1802791451737684,2.4233980855936146,13.585422602205496,0.3731736551872401,0.2830082777136814,5.589581243405168,10.84643450626919,0.1836566950827011,-0.0055114606484669,0,Moderate Transition,MYS,Asia,78.2,40.7,2021.0,Upper middle income,Western Pacific,3.0,-1.5966156241217782,25.455978459744497
Maldives,20.743668202468548,24.49649040292713,0.1306304588042696,-0.0822909377855182,1.1105187521653233,7.079107236503586,0.189602756822922,0.209430958977294,4.5812886265224,10.69913727727902,0.2118772122607468,0.0053877538878561,4,Lean Hypertension / Low-Obesity Rising-BP,MDV,Asia,67.2,29.3,2019.0,Upper middle income,South-East Asia,3.0,-1.6995856828606435,26.196076085787773
Mali,29.334476789581924,32.423039104796366,0.0970258671152615,-0.120547873936044,1.3836959584959203,7.307361084023496,0.1945857542699864,0.1616193047146004,2.928508804465582,7.0087756398626855,0.1359511855210562,0.0710104712432434,4,Lean Hypertension / Low-Obesity Rising-BP,MLI,Africa,36.4,35.7,2021.0,Low income,Africa,1.0,6.252927043374097,26.17011206142227
Malta,39.26285432672405,20.94799292285983,-0.6088241963116837,0.0228765794642265,17.75747025465128,28.42298519574944,0.3605308110734742,0.0532961625275138,7.38246156283015,7.705144960021839,0.0131249144477067,0.0080264719295779,3,High-Starting-BP Recovery,MLT,Europe,79.8,31.8,2023.0,High income,Europe,4.0,-2.82020309251714,23.76819601537697
Marshall Islands,28.30729118423838,21.63529370649944,-0.2207954542523402,0.0836031497290558,33.067314122207655,52.22043414414252,0.640545988038395,-0.1012596444790401,10.621538541618488,20.726674191259512,0.3436562245900003,-0.1957953877073833,1,Pacific Extreme Outliers,MHL,Oceania,65.4,35.5,2019.0,Upper middle income,Western Pacific,3.0,0.5740730654542858,21.061220641045153
Mauritania,33.48170483726386,32.52440993289936,-0.0438068985650937,-0.3669782211006738,2.134017567913882,11.363523013859352,0.3079746759781204,0.1297975598023888,3.9224331091543,8.657535230007877,0.1597981428982548,-0.0224276118494228,4,Lean Hypertension / Low-Obesity Rising-BP,MRT,Africa,30.2,32.0,2019.0,Lower middle income,Africa,2.0,6.815688942519152,25.708720990380208
Mauritius,29.08690821001768,25.1556162979397,-0.1323222131099366,0.0452999915404639,3.791271413847049,9.882492412590551,0.2032389548733637,0.0687433263675118,8.266118476471231,12.72352584350048,0.1507041274818815,-0.0660878378346524,4,Lean Hypertension / Low-Obesity Rising-BP,MUS,Africa,71.6,36.8,2017.0,Upper middle income,Africa,3.0,-0.721572891488254,25.877189189427956
Mexico,29.51480523660904,20.47387527898128,-0.3056122832876371,0.0209869210160336,12.67056797655114,27.411740762796448,0.492309619169955,0.034075742902144,6.697179175485009,10.93740243421513,0.1461775122821411,-0.0270652688675767,2,Wealthy Decouplers,MEX,North America,74.2,42.6,2024.0,Upper middle income,Americas,3.0,-3.409350451697115,23.883225730678394
Micronesia (Federated States of),23.25677559619063,24.381518396013952,0.037436570939409,0.1426420065015183,24.22843535437192,44.36026955212205,0.6651574539127362,0.0289599977932246,8.425999637185312,20.974746957422617,0.4215325707727513,0.0759174268812126,1,Pacific Extreme Outliers,FSM,Oceania,59.4,40.1,2013.0,Lower middle income,Western Pacific,2.0,2.4261988944171478,21.955319501596804
Moldova,34.36564165826815,29.96443017846184,-0.1617190056003762,0.0609422092121174,9.412327111502456,17.983248790332038,0.278531429585944,-0.0122759173430779,4.842560188915575,7.78203688619139,0.0958444772803154,0.0814191451813034,3,High-Starting-BP Recovery,MDA,Europe,70.2,26.8,2023.0,Lower middle income,Europe,2.0,5.008707322486753,24.955722855975086
Mongolia,35.68625965594045,29.90697912778749,-0.1857961904236497,-0.0477228002913775,6.722562005192529,18.532846630039938,0.3795315244731223,0.2355387447340283,5.45813163449388,11.04124256542697,0.1792014925612766,0.1078008873124799,0,Moderate Transition,MNG,Asia,67.6,31.4,2022.0,Lower middle income,Western Pacific,2.0,5.013773385352664,24.893205742434827
Montenegro,32.558153509689554,29.96615043925517,-0.0829604822154082,-0.2333410459861543,8.434115306370696,22.415554161496708,0.4751089641998935,0.038957855808361,4.648439650837279,7.009305585089408,0.0794633286808259,-0.0231550618910151,3,High-Starting-BP Recovery,MNE,Europe,67.8,34.3,2021.0,Upper middle income,Europe,3.0,5.514605216659209,24.45154522259596
Morocco,30.63226485737881,26.81982035382415,-0.1237620163851568,-0.161427245596204,8.862675619836306,24.03694426603409,0.5036662421057401,0.1268123782937559,5.438278096437941,12.98742242686802,0.2521292674584724,0.1422890187604157,0,Moderate Transition,MAR,Africa,64.4,39.5,2013.0,Lower middle income,Eastern Mediterranean,2.0,2.5527093155260943,24.267111038298054
Mozambique,24.372572215387283,28.83279745453189,0.1465874558342015,-0.1810885437686878,1.1116055409749943,6.129276683514378,0.1674162487239123,0.0729594111233018,2.611358044103798,6.148401446064486,0.1219562995225822,-0.0032052590460717,4,Lean Hypertension / Low-Obesity Rising-BP,MOZ,Africa,37.2,49.6,2022.0,Low income,Africa,1.0,2.528677522434979,26.30411993209691
Myanmar,22.67119274091437,24.448649246244507,0.0647055152813576,-0.0076875224204326,0.8114543790177582,4.674387428381046,0.1252497464657327,0.1301341793851389,3.664766574513038,7.128741168522636,0.117654181724154,0.0522830970189607,4,Lean Hypertension / Low-Obesity Rising-BP,MMR,Asia,49.2,30.7,2017.0,Lower middle income,South-East Asia,2.0,-2.0209652896885792,26.469614535933086
Namibia,30.838736350089505,28.95034338338787,-0.0585673398657091,-0.1041828321178696,4.685967728929094,14.929192013085864,0.3377684783952728,0.2033409291562095,3.295509131265755,7.156134043233839,0.1330420838640708,0.0524918033046041,4,Lean Hypertension / Low-Obesity Rising-BP,NAM,Africa,58.0,59.1,2015.0,Upper middle income,Africa,3.0,3.647219572556452,25.30312381083142
Nauru,37.57224644656186,21.43435740326282,-0.531921539813247,0.2832336678878364,48.969901209242266,60.94452964922482,0.3995686231303208,-0.0438097117443211,25.888457436393004,29.21284800251324,0.0987981522972081,-0.3371315865136529,1,Pacific Extreme Outliers,NRU,Oceania,56.0,32.4,2012.0,Upper middle income,Western Pacific,3.0,1.3655083288839016,20.068849074378917
Nepal,24.13020041525686,29.25083932848928,0.1713156825973708,-0.0166356008356875,0.4902350766674548,3.384803018098215,0.0950401898240091,0.0908969351925101,4.024899740089078,10.17429907421704,0.2114838668740631,0.0474853624441362,4,Lean Hypertension / Low-Obesity Rising-BP,NPL,Asia,40.8,30.0,2022.0,Low income,South-East Asia,1.0,2.634533722881958,26.616305605607323
Netherlands,32.45590055713604,20.29746457274586,-0.4005881818576159,-0.1468045650758757,7.14266505933738,19.363370239336803,0.4129164343761918,0.1650293114450391,3.78707557741726,4.386803103885746,0.023667339692773,-0.0261255025148652,2,Wealthy Decouplers,NLD,Europe,82.0,25.7,2021.0,High income,Europe,4.0,-4.50126856621608,24.79873313896194
New Zealand,34.36869249666833,17.343159559193793,-0.5815461303564442,0.1157013485885843,13.68929099875252,29.360159938709945,0.5282991780762996,0.1369198085600986,5.450248620838998,6.871858735704564,0.0507499637948631,-0.0196308134052437,2,Wealthy Decouplers,NZL,Oceania,87.6,,,High income,Western Pacific,4.0,-6.318432216537936,23.66159177573173
Nicaragua,27.71168302694896,21.22873154082586,-0.218478379986362,0.0736174043065494,9.151537496398214,22.071183103001943,0.4314654553799307,0.1353601561919823,5.58162200475809,9.777798442392015,0.1428295144256774,0.0378824022963862,0,Moderate Transition,NIC,North America,68.4,46.2,2014.0,Lower middle income,Americas,2.0,-3.2619861147901084,24.490717655615967
Niger,29.15519772753757,33.51268664065174,0.1490214625248692,-0.1189002090169197,1.0038445438525152,4.815691871542186,0.1248960488853207,0.0962934005039708,2.5429154060269363,5.406294738674437,0.0992430237496838,0.0167606587699605,4,Lean Hypertension / Low-Obesity Rising-BP,NER,Africa,31.4,32.9,2021.0,Low income,Africa,1.0,7.059145577499301,26.453541063152436
Nigeria,27.18646533728628,24.94680743531333,-0.0841959602577983,-0.4137272004779123,1.3870077038755857,7.677834471231753,0.2070334938062926,0.153247763349213,3.0510086355362835,5.954155692180882,0.0967150343529408,0.0091898959543405,4,Lean Hypertension / Low-Obesity Rising-BP,NGA,Africa,39.4,33.9,2022.0,Lower middle income,Africa,2.0,-1.1811630361346204,26.12797047144795
Niue,23.53739391333255,24.06175359536662,0.0168748701904543,0.0220786794947525,25.18143298572197,48.33716749938869,0.7618386818012591,0.0076323924332668,10.326079523403086,26.17751425910169,0.5302998453781494,-0.060668716927358,1,Pacific Extreme Outliers,NIU,Oceania,66.6,,,,Western Pacific,,2.558808834979569,21.502944760387052
North Korea,24.36574643817739,18.323104529079348,-0.201302415027637,0.1105530548941439,2.207893973125536,6.085379916849339,0.1282368115318842,0.0677586328950569,5.691435138050776,5.7179457780967,-0.001627808738019,0.0335226428611419,2,Wealthy Decouplers,PRK,Asia,75.8,,,Low income,South-East Asia,1.0,-7.986008688921139,26.309113218000487
Norway,34.1743074046921,20.97854288464213,-0.4412124260709304,-0.0397010271742688,9.83132352819846,22.07072062292365,0.4128222870640486,0.1128782287363818,4.285872254255272,5.078419977414296,0.030185711668145,-0.0402266967132744,2,Wealthy Decouplers,NOR,Europe,85.0,26.5,2023.0,High income,Europe,4.0,-3.512227378385063,24.490770263027194
Occupied Palestinian Territory,31.8296668483529,23.19065120400531,-0.28620803614247,-0.0422841257819153,15.312103345483171,31.21484929114207,0.5302997993393282,0.0509944004942616,7.269629287251601,16.06243493193669,0.2940456697519704,0.2249011842635364,0,Moderate Transition,PSE,Asia,68.6,36.4,2023.0,Lower middle income,Eastern Mediterranean,2.0,-0.25996844547218245,23.450619649477492
Oman,31.737250257238248,25.27214925659957,-0.2318137354464981,-0.3311288532878093,8.469928264195762,26.525290147104435,0.5954458084302651,-0.1011807521080259,5.699273340795749,12.82601329537664,0.2354619468665668,-0.0205767266355924,3,High-Starting-BP Recovery,OMN,Asia,74.6,,,High income,Eastern Mediterranean,4.0,1.288089188911215,23.984060067688354
Pakistan,27.944424359883715,30.247230882870724,0.0786479647677922,0.0463849168637066,1.6123507457721509,7.491470439917677,0.1932091506393852,0.1444027658510752,5.674010655418085,11.8705587401684,0.2086270863539496,0.0611866029006939,4,Lean Hypertension / Low-Obesity Rising-BP,PAK,Asia,44.8,33.5,2024.0,Lower middle income,Eastern Mediterranean,2.0,4.098061381034164,26.14916950183656
Palau,30.92428056250936,23.49348973036418,-0.2469580906367741,0.0788773013540599,34.24391993294601,54.53521949438277,0.6619026168773509,-0.0715699644117975,13.19082240288547,22.841004993837,0.3244742309350815,-0.176653603129961,1,Pacific Extreme Outliers,PLW,Oceania,74.4,,,High income,Western Pacific,4.0,2.6955774360898452,20.797912294274333
Panama,25.937096568416,20.266587157873698,-0.1936095025879564,-0.0452268029426096,8.048709123044798,21.40949562812311,0.4541265167388569,0.1480169121585779,4.991535483832871,8.988602788160042,0.1345249639074481,0.0208268511759043,0,Moderate Transition,PAN,North America,76.6,49.7,2024.0,Upper middle income,Americas,3.0,-4.299397880556498,24.565985038430195
Papua New Guinea,19.87770226418575,24.821600762587384,0.1647707548167985,0.022716532925837,7.207968844098408,19.670962878191187,0.411942384964734,0.1249975447626186,5.997464839064884,14.044896135260135,0.2688831411972366,0.0870769784580488,0,Moderate Transition,PNG,Oceania,27.0,41.9,2009.0,Lower middle income,Western Pacific,2.0,0.057856487369210896,24.763744275218173
Paraguay,27.922219076734137,25.26334570517452,-0.080667167353327,-0.2300874431609081,5.871237206260301,18.907691574683568,0.4394546245856848,0.1411775589880514,3.624986892836105,7.777166507314885,0.1407644263899873,0.0151836402323537,0,Moderate Transition,PRY,South America,69.6,44.2,2024.0,Upper middle income,Americas,3.0,0.41277882022998824,24.85056688494453
Peru,25.10019705975004,14.673869986972198,-0.3616043865270237,-0.1623452864304662,8.423964499596924,18.71630647741021,0.3425213606480869,0.0875566517751212,5.539881752991134,7.422706986073348,0.0583292686138222,-0.007004987375806,2,Wealthy Decouplers,PER,South America,67.0,40.1,2024.0,Upper middle income,Americas,3.0,-10.198467077896096,24.872337064868294
Philippines,23.361953150097214,22.60006969180976,-0.0294807622630491,-0.0515937875975646,1.1118587359120085,5.614762305339879,0.148870149541045,0.0588773097128506,4.255373400943232,6.991694351983244,0.0918466332749951,-0.0332276027204154,4,Lean Hypertension / Low-Obesity Rising-BP,PHL,Asia,63.4,39.3,2023.0,Lower middle income,Western Pacific,2.0,-3.7625765871438404,26.3626462789536
Poland,39.728680713250455,29.54667275582201,-0.3548456286249097,-0.0251263120846709,12.90764291482912,22.322200974231983,0.309600089628031,0.0611496067352528,5.758692351199279,7.447511547529532,0.0540137102282024,0.0524686492996214,3,High-Starting-BP Recovery,POL,Europe,77.6,28.5,2023.0,High income,Europe,4.0,5.084508547149472,24.462164208672537
Portugal,30.485028055394714,25.75231003968069,-0.1518724526958246,-0.3049983839739031,7.272136487311704,19.70433049649177,0.4191722168275714,0.1028092277484017,4.344232721163776,6.707150377434675,0.0792486203728556,-0.0092145743625797,4,Lean Hypertension / Low-Obesity Rising-BP,PRT,Europe,83.6,33.9,2023.0,High income,Europe,4.0,0.9923613528567046,24.759948686823986
Puerto Rico,31.661309914293668,20.07115507713101,-0.4168259816752946,-0.2639429612696074,14.180419746802809,33.345830098373774,0.6216350222784192,-0.403327546327138,7.50948874763647,12.96879397474792,0.1778897464930498,-0.1358863335202388,2,Wealthy Decouplers,PRI,North America,,,,High income,,4.0,-3.137064112496372,23.208219189627382
Qatar,39.39553383454222,22.589387705000014,-0.5612060109829973,-0.0046742379252076,21.78075818578866,36.68564830737728,0.5003182048338094,0.0905310714924352,11.4365706980294,18.09315698817142,0.223291291447242,0.2391800700858805,3,High-Starting-BP Recovery,QAT,Asia,81.6,35.1,2017.0,High income,Eastern Mediterranean,4.0,-0.23892498010567564,22.82831268510569
Romania,35.57058717349864,30.231822647802225,-0.1881565482052471,-0.0243493627346482,10.539006173955077,21.449407356541,0.3565338757849512,0.0232360638874951,4.648997652940683,6.599817167197285,0.0646051550327059,0.0522797932375205,3,High-Starting-BP Recovery,ROU,Europe,71.8,29.8,2023.0,Upper middle income,Europe,3.0,5.670377594569963,24.561445053232262
Russian Federation,43.004542546046295,28.4818576713139,-0.5073320263038634,-0.0136028723750302,15.11978838474452,22.28512730030347,0.2325897340693091,0.0277985798026995,6.505060897634726,7.5395838458820865,0.0326056811406852,0.0409876917060147,3,High-Starting-BP Recovery,RUS,Europe,75.4,33.0,2023.0,Upper middle income,Europe,3.0,4.015476307996842,24.46638136331706
Rwanda,20.20600519115254,26.48694742288917,0.2230262067170716,-0.1439430218151479,0.7801553342525482,4.754469275708567,0.13089622860776,0.1338906303607027,1.429784076331401,4.214224246816245,0.0967551999078626,0.0306596617320028,4,Lean Hypertension / Low-Obesity Rising-BP,RWA,Africa,47.4,39.4,2023.0,Low income,Africa,1.0,0.026442249439295296,26.460505173449874
Saint Kitts and Nevis,27.04957840402027,25.371863254589048,-0.0528733835956976,0.085873755281598,8.55338823241506,21.072731381772304,0.4143950060858502,0.1813124437951503,6.571593584698252,13.765579094610672,0.2384373862537745,0.1560046209397437,0,Moderate Transition,KNA,North America,78.6,,,High income,Americas,4.0,0.7675710629928147,24.604292191596233
Saint Lucia,24.352501642579234,26.816776202660463,0.0833789442089875,-0.0072598729630771,6.794629641240425,17.996016299689536,0.3757431088012806,0.0437093175740467,4.319620414553194,13.266313915527968,0.2935493438896022,0.2324281214636853,0,Moderate Transition,LCA,North America,70.8,43.7,2015.0,Upper middle income,Americas,3.0,1.8625056592209468,24.954270543439517
Saint Vincent and the Grenadines,26.14013256119213,23.78470028713921,-0.0768193460353838,-0.1324037263249886,7.47308447663508,22.12009822912716,0.4884908400659621,0.1593134583370311,4.929976872361412,10.263638614643888,0.1840381820771915,0.0094018982176308,0,Moderate Transition,VCT,North America,75.6,,,Upper middle income,Americas,3.0,-0.7004532409040714,24.48515352804328
Samoa,20.563421889097167,23.37171494949589,0.0999354109483426,-0.0011978269151424,25.38635918197225,46.36033326336359,0.705892982349155,-0.0217331217512589,8.177605239426573,23.50874996261893,0.523597986373621,0.0778025398689392,1,Pacific Extreme Outliers,WSM,Oceania,59.6,38.7,2013.0,Upper middle income,Western Pacific,3.0,1.6439040024994789,21.72781094699641
Sao Tome and Principe,30.867749774326523,26.799349545045573,-0.1351386552628502,-0.2767261632720286,2.184791294480452,10.867700747450908,0.2916715812054534,0.1722807853698935,4.3316054764098695,7.89572122128626,0.1208941967484506,-0.0734615347554743,4,Lean Hypertension / Low-Obesity Rising-BP,STP,Africa,51.0,40.7,2017.0,Lower middle income,Africa,2.0,1.0342284477411425,25.76512109730443
Saudi Arabia,33.98131305702002,24.15699469300702,-0.3433826938196804,-0.2677634626321977,16.57149575190049,35.127817197156915,0.6071735228260853,-0.0855370645064886,8.638145969555614,16.595945336811507,0.263695030544573,0.0523445194929348,3,High-Starting-BP Recovery,SAU,Asia,81.4,,,High income,Eastern Mediterranean,4.0,1.1514777007556596,23.005516992251362
Senegal,32.008662136991475,30.55727067176305,-0.0502266707995711,-0.1604930722609571,2.121589511942348,7.589123112579318,0.1807416755751563,0.0993228371953331,3.954309240102324,7.18908186341653,0.1088079450898118,0.0112140305987179,4,Lean Hypertension / Low-Obesity Rising-BP,SEN,Africa,40.4,36.2,2021.0,Low income,Africa,1.0,4.419209225277548,26.1380614464855
Serbia,36.28161759701684,30.4307046883216,-0.1959987403588109,-0.1527620141922543,10.221457519805204,20.69120030926867,0.3478624580448574,0.0665206965004296,4.795689844740753,6.732068317955401,0.063179668971182,-0.000219821104622,3,High-Starting-BP Recovery,SRB,Europe,62.8,32.8,2023.0,Upper middle income,Europe,3.0,5.783013087820262,24.64769160050134
Seychelles,30.418799029735403,23.855786661726977,-0.2234102585605139,-0.0163846059523215,4.979602520276482,12.956878295265724,0.2627065241787117,0.1316197877306191,5.978789647536054,10.073929116452163,0.1394653746745553,0.0172000827489528,0,Moderate Transition,SYC,Africa,73.4,32.1,2018.0,High income,Africa,4.0,-1.6716891238129108,25.527475785539888
Sierra Leone,31.08218102135775,30.75935816858189,-0.0151301925681737,-0.2720929961990107,1.9208388015671016,7.613479477354441,0.188079619426124,0.1148373123431081,3.4986448543688,6.558827607745023,0.1020040311228289,0.0338943542856303,4,Lean Hypertension / Low-Obesity Rising-BP,SLE,Africa,37.6,35.7,2018.0,Low income,Africa,1.0,4.624067274511379,26.13529089407051
Singapore,33.056879768997284,16.014948257572197,-0.5560564153355858,0.2009867034523026,3.430262499985454,5.820186617751441,0.0792339465901641,0.0432734574194522,7.990122493920815,7.956960859999418,-0.006313227122001,-0.1158954624239857,2,Wealthy Decouplers,SGP,Asia,87.4,,,High income,Western Pacific,4.0,-10.3243308715582,26.339279129130396
Slovakia,38.28337698796291,29.22490133841349,-0.3186125231487747,-0.039962047890283,10.614491044714416,19.82124158631398,0.3009785380482773,0.0026628474320398,5.061829153441682,7.011537391311729,0.0605385219078193,0.0315731356989613,3,High-Starting-BP Recovery,SVK,Europe,79.8,23.8,2023.0,High income,Europe,4.0,4.478251364481853,24.746649973931635
Slovenia,38.04190255413829,30.84938947461767,-0.2554065418292197,-0.0506295876470095,10.412482487845605,19.51172839504582,0.2986704930979706,0.0342408223111966,5.000675128367409,6.931573809282346,0.0621729418530189,0.0059909166155689,3,High-Starting-BP Recovery,SVN,Europe,80.4,24.7,2023.0,High income,Europe,4.0,6.067532172849731,24.78185730176794
Solomon Islands,18.43649176218829,21.687969120674552,0.1046056786162941,-0.0600246706838176,6.998455880687532,20.77141660084046,0.456954844825679,0.1716699157229284,6.323692751177764,13.29577151097017,0.2348376062762126,0.0292896411372327,0,Moderate Transition,SLB,Oceania,43.0,37.1,2012.0,Lower middle income,Western Pacific,2.0,-2.950597824222907,24.63856694489746
Somalia,31.23658770436456,33.07203858864873,0.0731402826335113,-0.0283335488971008,1.797480569666361,7.173146474378211,0.1775634619992387,0.1213558944881996,3.2701154752238013,6.60501845308895,0.1129760148101782,0.0077866028613668,4,Lean Hypertension / Low-Obesity Rising-BP,SOM,Africa,22.4,,,Low income,Eastern Mediterranean,1.0,6.886659527642884,26.185379061005847
South Africa,35.576157096577056,27.510833065366118,-0.2801323725886594,-0.1097516920262824,12.030542021283118,26.161063980997067,0.4742462566278156,0.1356892797518641,6.339844435014797,10.786553579834086,0.1517158205284487,0.0862401828733397,3,High-Starting-BP Recovery,ZAF,Africa,64.8,54.1,2022.0,Upper middle income,Africa,3.0,3.485342033187493,24.025491032178625
South Korea,22.66427033616403,12.412703370501278,-0.3393869343594173,-0.1526289822192789,0.9864466751620012,4.272459392969443,0.1102707511787708,0.0023083051864137,4.61141658771776,7.775318125133334,0.096419245332286,-0.1735924977698848,2,Wealthy Decouplers,KOR,Asia,84.4,32.9,2021.0,High income,Western Pacific,4.0,-14.10263074220124,26.51533411270252
Spain,33.3958586843696,20.62717481846688,-0.423809418355057,-0.1046300503960687,12.52909269658904,23.194278424629104,0.3555271561290995,-0.0086053292157657,5.803030966736431,7.130530069026048,0.049091232269803,-0.0427846498805045,2,Wealthy Decouplers,ESP,Europe,81.0,33.4,2023.0,High income,Europe,4.0,-3.7357900101437664,24.362964828610647
Sri Lanka,19.47813826202664,22.0236160138756,0.0906467363953658,0.0123430147154994,0.8479529346058461,4.2586296502687855,0.1112312819810772,0.103162652363424,3.5017839720692203,7.030282761018308,0.1195832847312602,0.0424482240676687,4,Lean Hypertension / Low-Obesity Rising-BP,LKA,Asia,67.8,37.7,2019.0,Lower middle income,South-East Asia,2.0,-4.493291241099659,26.51690725497526
Sudan,26.78965507921041,30.037525795598903,0.104429683386401,-0.1223550875874978,1.6551430162211944,7.283540402947405,0.1893311203349747,0.0690115631322753,3.8972191071972735,8.649084237850532,0.1650651655330323,-0.0414947892481042,4,Lean Hypertension / Low-Obesity Rising-BP,SDN,Africa,41.8,34.2,2014.0,Lower middle income,Eastern Mediterranean,2.0,3.8647041161325895,26.172821679466313
Suriname,31.7634417530559,22.974283749411303,-0.3038182765238115,0.0219462801566413,11.92401504245324,25.25708674641266,0.4385363391267189,0.0493777432186804,7.360312456275436,11.81439793251165,0.1443174855074664,0.0782380605130147,3,High-Starting-BP Recovery,SUR,South America,71.4,39.2,2022.0,Upper middle income,Americas,3.0,-1.154035284133485,24.128319033544788
Swaziland,29.801578926007323,29.49452173484169,-0.025153651396433,-0.0873584149294645,5.233324940272957,14.734900698589684,0.3124192347606272,0.0519519092676835,4.156189637209762,9.127452718594895,0.165776199645602,0.0293133913164262,4,Lean Hypertension / Low-Obesity Rising-BP,SWZ,Africa,64.6,54.6,2016.0,Lower middle income,Africa,2.0,4.16929715997761,25.32522457486408
Sweden,36.266142802247415,20.90565520588604,-0.5093650546138498,-0.059951252657837,9.802960295538522,19.676438034961727,0.3324416337496029,0.104146758965093,4.680642127726647,4.90224698242625,0.0098503259853204,-0.0019739463153483,2,Wealthy Decouplers,SWE,Europe,81.0,29.3,2023.0,High income,Europe,4.0,-3.857466266670361,24.7631214725564
Switzerland,27.98187127781315,18.82477626710064,-0.3229249964003037,-0.1168686019242791,6.646104789123977,18.699902501484228,0.4022877934358287,-0.1034934537887128,3.2467730042496137,4.026360478412371,0.0253780547512186,-0.0464489423568996,2,Wealthy Decouplers,CHE,Europe,84.6,33.8,2022.0,High income,Europe,4.0,-6.0494267607525565,24.874203027853195
Syrian Arab Republic,30.408727359425267,25.31229893486873,-0.1653786048102606,-0.1889445886290156,11.312244743281877,26.120483264176997,0.4914898640759678,0.1871400287616919,6.441201023449432,13.98379237701992,0.2546486550496855,0.1069292210260011,0,Moderate Transition,SYR,Asia,70.8,26.4,2022.0,Lower middle income,Eastern Mediterranean,2.0,1.282191819624103,24.030107115244626
Taiwan,23.02676545850175,17.14228901087995,-0.217408536897332,-0.1939581604357968,1.5561303057649871,6.922258812516342,0.1763141088929992,0.0285310862140615,5.451243175723378,6.857826979215801,0.0398507594280834,-0.0196379749146298,2,Wealthy Decouplers,TWN,Asia,,,,High income,,4.0,-9.071628685668582,26.21391769654853
Tajikistan,26.956975687345157,25.721959177502733,-0.0412266979306892,0.1661524754701718,5.018507419649863,12.69847378638116,0.2480816793942743,0.1834673821250092,4.445588138114049,9.3840392972745,0.1579106772715132,0.1877628407494271,0,Moderate Transition,TJK,Asia,71.0,36.1,2024.0,Lower middle income,Europe,2.0,0.1650897101575488,25.556869467345184
Tanzania,23.45115748479161,27.03233438894511,0.123047899862178,-0.0411438275133161,1.428325933417624,7.165982869621695,0.1875858174538406,0.1444899639756082,2.6296712747503377,5.864541170717676,0.1103925755659586,-0.0054474190093279,4,Lean Hypertension / Low-Obesity Rising-BP,TZA,Africa,40.8,40.5,2018.0,Low income,Africa,1.0,0.8461404632153418,26.186193925729768
Thailand,21.00843072744587,22.365198018705108,0.0499910248214634,-0.0778266461945765,1.382145254245407,8.126349498659025,0.2155222758821538,0.2274887598939113,4.5596575166205415,8.295541332466204,0.1271950405244866,0.0215353353281064,4,Lean Hypertension / Low-Obesity Rising-BP,THA,Asia,77.8,33.3,2024.0,Upper middle income,South-East Asia,3.0,-3.711753575177589,26.076951593882697
Timor-Leste,23.106355016484702,27.4375483527931,0.1498409690570354,-0.1036807487437386,0.41593600890691,3.075212262237231,0.0860877334700972,0.085704909827655,2.872201980558538,5.3574272588715575,0.0854327768778964,-0.0627702808336698,4,Lean Hypertension / Low-Obesity Rising-BP,TLS,Asia,39.8,28.7,2014.0,Lower middle income,South-East Asia,2.0,0.7860265963263373,26.651521756466764
Togo,29.078971930630143,29.13180999869124,-0.0028658446037233,-0.1798811846253517,1.613542297791286,7.217068516478323,0.1855667871095996,0.1304850809732419,3.110248109053863,6.83516696809429,0.1271325031424478,0.0409417660549376,4,Lean Hypertension / Low-Obesity Rising-BP,TGO,Africa,34.4,37.9,2021.0,Low income,Africa,1.0,2.951427098686228,26.18038290000501
Tokelau,19.118966251729333,25.610945474912093,0.2171113517616572,0.1517467217883341,19.45710891826724,43.37500870398991,0.8017693045606441,0.1180493394986745,8.831997556910034,25.544740193116475,0.5641844312490125,0.0675660064126366,1,Pacific Extreme Outliers,TKL,Oceania,,,,,,,3.5435519077727697,22.067393567139323
Tonga,21.10288227584732,23.038450500836767,0.0650135221437517,0.1318240215723762,25.178464822555263,46.61439044934662,0.7151957092581427,-0.0126992067435728,9.44444904414086,23.18681101910521,0.463909480134683,0.0198204401173847,1,Pacific Extreme Outliers,TON,Oceania,68.4,27.1,2021.0,Upper middle income,Western Pacific,3.0,1.339538724823747,21.69891177601302
Trinidad and Tobago,21.86862028829959,25.15735852226052,0.1071352596513442,0.1136006214174075,5.205728894701823,16.829025537039247,0.3913283057541308,0.2167620159046649,4.215002417561419,10.92691154191442,0.2252068842481885,0.1905191022739887,0,Moderate Transition,TTO,North America,74.8,40.2,1992.0,High income,Americas,4.0,0.07034201670473905,25.08701650555578
Tunisia,30.994386102747463,24.12146632889238,-0.2288005818281556,-0.1501277618687029,10.374402486242396,25.33433424733757,0.5012107859766489,0.0793506848576822,5.651422960518552,11.95275673093442,0.2114361973385276,0.0708450265416192,0,Moderate Transition,TUN,Africa,70.0,33.7,2021.0,Lower middle income,Eastern Mediterranean,2.0,0.0019342490746865337,24.119532079817695
Turkey,28.163128130766847,21.541801793259737,-0.2269283651310066,-0.3766192312252135,11.639657280831344,30.2542088492336,0.616497237313203,-0.0074311705728828,5.482320459775584,12.98940302390406,0.2492462976344398,0.1098469589561177,0,Moderate Transition,TUR,Asia,73.0,43.7,2023.0,Upper middle income,Europe,3.0,-2.0180913344579103,23.559893127717647
Turkmenistan,30.260892304116247,25.55994451682982,-0.1543139246955145,0.101315290407263,6.811819667400296,16.8462045373172,0.3314443207935866,0.2366314870876996,5.073242226643434,11.24851114456774,0.1997199598086819,0.2085811941643164,0,Moderate Transition,TKM,Asia,79.4,40.8,1998.0,Upper middle income,Europe,3.0,0.47488213378561284,25.085062383044207
Tuvalu,24.71860500951285,23.924447350050848,-0.0245947778331734,-0.0463138968833912,24.42598085200895,50.163682338177566,0.8561986331397974,-0.1677536071651386,9.550223510071316,23.12245303017752,0.4616601552466928,-0.1516265628171322,1,Pacific Extreme Outliers,TUV,Oceania,64.0,39.1,2010.0,Upper middle income,Western Pacific,3.0,2.629269846573365,21.295177503477483
Uganda,21.7814526792528,26.6047186846938,0.1623519778292918,0.0514051032531006,0.9128153025872104,4.492759780561639,0.117223978925405,0.0879941581919813,1.828152806635575,4.267826670334349,0.0809303918823431,0.0486237557066973,4,Lean Hypertension / Low-Obesity Rising-BP,UGA,Africa,42.6,42.7,2019.0,Low income,Africa,1.0,0.11444388509080738,26.490274799602993
Ukraine,38.97739669285819,28.14837665978113,-0.3783580639208989,-0.0526057545963702,14.11460783765429,23.25228064645691,0.2975466550314262,0.0103917166756727,5.636735525677837,7.160469536908498,0.0487617821112535,0.0245831395783974,3,High-Starting-BP Recovery,UKR,Europe,77.4,25.6,2020.0,Lower middle income,Europe,2.0,3.792009621819595,24.356367037961533
United Arab Emirates,38.68274650043408,21.58785539722928,-0.5555782646485674,0.2982445261070667,19.6123625749431,32.9753783629453,0.442460549439113,0.2314918795277545,9.907987415438312,14.96004434757212,0.1897416842946786,0.1770151239696845,3,High-Starting-BP Recovery,ARE,Asia,76.2,26.4,2018.0,High income,Eastern Mediterranean,4.0,-1.66250291946832,23.2503583166976
United Kingdom,31.16441128792,16.7237318020219,-0.4922925458077318,-0.2159807065162749,11.726237441741288,26.33767911492008,0.4909731592237084,0.1907436694314701,4.44488603761406,5.735764297927614,0.0447699920255441,-0.0223011121187413,2,Wealthy Decouplers,GBR,Europe,84.8,32.4,2021.0,High income,Europe,4.0,-7.281669143219229,24.005400945241128
United States of America,22.082150584425385,13.29540009357001,-0.2868495375433756,0.2601867868286958,15.04227612043232,34.64456302792869,0.667426867086029,0.1123246310540632,4.5988627959172375,7.179798903099757,0.0901139846422697,-0.024169923126014,2,Wealthy Decouplers,USA,North America,85.4,41.8,2024.0,High income,Americas,4.0,-9.765087376335526,23.060487469905535
Uruguay,38.484826893680896,22.28310043709115,-0.5369753186869077,0.0076809203928088,13.912162293566814,26.7872094502643,0.4300959984931086,0.0791397004607092,7.427684666821326,9.203372739246982,0.0583196799360714,0.0419083964928185,3,High-Starting-BP Recovery,URY,South America,83.2,40.0,2024.0,High income,Americas,4.0,-1.6711661386454644,23.954266575736614
Uzbekistan,28.33117448770657,25.367291522579627,-0.097255361959143,0.1634183552620564,5.848841902041627,14.92542095764686,0.2955953860227066,0.1748596065376242,4.600477566144551,9.864799404571698,0.1700701731844357,0.1569501148572422,0,Moderate Transition,UZB,Asia,81.0,32.7,2025.0,Lower middle income,Europe,2.0,0.06373875172687349,25.303552770852754
Vanuatu,21.55492300207029,23.8750441645386,0.0796200165535407,0.0198460803147981,8.22549856753339,23.4610785726173,0.5090246944790372,0.1430446217336384,7.304350559321461,15.084199747783842,0.2613946442372362,0.1460315766039853,0,Moderate Transition,VUT,Oceania,49.4,32.3,2019.0,Lower middle income,Western Pacific,2.0,-0.45757197283046125,24.33261613736906
Venezuela,33.25616185777742,19.76196741859612,-0.4639485975349241,-0.0749355122741987,12.635067504199212,24.87319668309376,0.4108277683392287,-0.0161450980967911,7.088968951242097,9.357057910684052,0.0778893814100602,-0.0532304027154081,2,Wealthy Decouplers,VEN,South America,72.2,44.7,2006.0,Upper middle income,Americas,3.0,-4.4100193606010905,24.171986779197212
Viet Nam,20.46499274950396,23.11678015106736,0.0921273547992831,-0.0033092656149996,0.2070294178730813,1.6332386466083315,0.0454706002540036,0.0588560882016932,2.996308465396713,5.2324943213235215,0.0775185621964995,-0.0090860901157334,4,Lean Hypertension / Low-Obesity Rising-BP,VNM,Asia,66.8,36.1,2022.0,Lower middle income,Western Pacific,2.0,-3.698767046798963,26.815547197866323
Yemen,26.760394884111328,30.524993735607563,0.1245412812568424,-0.1279816944365697,3.9380678063260297,15.163547929069347,0.3718605367064047,0.2215017963877897,3.410561620771486,10.652030327125088,0.2426930802905053,0.1546999550093924,0,Moderate Transition,YEM,Asia,44.2,36.7,2014.0,Lower middle income,Eastern Mediterranean,2.0,5.248528063418316,25.276465672189246
Zambia,29.33934115226672,27.27679542691045,-0.0692634426079502,0.0413236467895295,2.3906559860181136,7.077081671680956,0.1486996877283993,0.1075179349347545,3.770546350740478,6.319190926973317,0.0829318708664724,0.0213705723922578,4,Lean Hypertension / Low-Obesity Rising-BP,ZMB,Africa,50.8,51.5,2022.0,Lower middle income,Africa,2.0,1.0804889317999873,26.196306495110463
Zimbabwe,28.928065453245267,28.24864274202208,-0.0301202105821308,-0.1537213008336604,5.214425381041988,14.35245335645068,0.3089113197975143,0.0160056288989118,4.155990432367678,6.837626561433298,0.0936917451907327,-0.0149661242269213,4,Lean Hypertension / Low-Obesity Rising-BP,ZWE,Africa,45.2,50.3,2019.0,Low income,Africa,1.0,2.8799145319829016,25.36872821003918
