Country,BP_Start,BP_End,BP_Slope,BP_Curvature,Obesity_Start,Obesity_End,Obesity_Slope,Obesity_Curvature,Diabetes_Start,Diabetes_End,Diabetes_Slope,Diabetes_Curvature,Cluster,Cluster_Name,Country_Code,Continent,Income_Group
Afghanistan,25.59596999121115,30.387490339570697,0.1654779205895612,-0.05975453399879144,0.8159581143395178,4.626889287631776,0.12490817738669295,0.10599148721140303,5.202770040193438,11.34172943587261,0.20210119774572768,0.08057616688730068,4,Lean Hypertension / Low-Obesity Rising-BP,AFG,Asia,Low income
Albania,32.156266252664196,29.66900860632639,-0.07287400528752341,-0.05939603234641988,8.216668485177994,20.11564771002132,0.3930095459820349,0.2428730691594651,4.979636469690623,7.217475074823352,0.07569297952743273,0.03481229952667424,0,Moderate Transition,ALB,Europe,Upper middle income
Algeria,31.422334937703134,26.11303870979887,-0.18048909094374324,-0.26525981218587275,9.216506673876982,25.634148217297895,0.5471342600365452,0.16477163024632352,5.384804939441641,11.92037914652802,0.22051271749934576,0.07234690749756023,0,Moderate Transition,DZA,Africa,Upper middle income
American Samoa,33.11876917405968,22.47539387364699,-0.3547372116094096,-0.022618417847141026,42.82582520820311,60.699228953003,0.6033151035713357,-0.3200404629651361,19.98177986844179,31.68659000478936,0.39525761586797004,-0.444721521371352,1,Pacific Extreme Outliers,ASM,Oceania,Upper middle income
Andorra,36.41540241346464,20.090149338069928,-0.5546061369595037,-0.03577041711575424,16.95659967195337,25.667821355675823,0.2841522520017548,-0.13667788582807527,6.860348981327204,6.973512079233595,0.003909796074565244,-0.02102456765202772,2,Wealthy Decouplers,AND,Europe,High income
Angola,28.40724511938202,30.013675428805733,0.053994849765370674,-0.1999989237002204,1.28460798135102,6.95762405001137,0.18690921772387967,0.15146628021166508,2.882839912138609,7.751185446867957,0.16095560359127106,0.07829743345512294,4,Lean Hypertension / Low-Obesity Rising-BP,AGO,Africa,Lower middle income
Antigua and Barbuda,24.568702324403482,23.0494237144757,-0.05746387536876625,0.06994162575308978,7.381772017382689,17.626135890529298,0.34083252624871907,0.06898477040452844,4.957399758400937,10.813780957561411,0.19243904067195486,0.12037557111674388,0,Moderate Transition,ATG,North America,High income
Argentina,37.81263037792212,23.645512156116407,-0.47912683116955973,0.09246453393821791,13.93310556621877,27.13318791390767,0.43975892427542546,0.0638777147809747,6.864397443090408,9.399438852059262,0.08296318692872576,0.0258904575240098,3,High-Starting-BP Recovery,ARG,South America,Upper middle income
Armenia,33.55445913972419,25.679750096955683,-0.26818551668877777,0.14780926978850786,9.376020816131687,19.0077081644475,0.3136183084657377,0.09386592655370113,6.531259599543051,11.030100886831871,0.14739394445280937,0.11940472447882748,3,High-Starting-BP Recovery,ARM,Asia,Lower middle income
Australia,32.434412059878845,16.516621469499547,-0.5273994018170615,0.04031993011820534,12.992275099194961,27.72959667172281,0.49880266169744253,0.15550533951489298,4.982307840352409,5.896306374085887,0.034299564362350925,-0.03457812053242286,2,Wealthy Decouplers,AUS,Oceania,High income
Austria,34.222753614772444,22.34417915762677,-0.402122565188171,-0.1875307354348788,8.826543889008384,19.148831993271802,0.3464408177614781,0.08733616716841658,3.9183341873194424,4.323128907413936,0.016409738844168863,-0.016857569573465007,2,Wealthy Decouplers,AUT,Europe,High income
Azerbaijan,30.265435082453713,24.68157789233943,-0.18675012216805154,0.12994150516347383,7.907510965488447,18.20685250036776,0.3346763721955586,0.17470757743820625,6.003221512678092,11.613871798472479,0.17827142910000135,0.19078526407569762,0,Moderate Transition,AZE,Asia,Upper middle income
Bahamas,33.62207715346234,22.0539662059169,-0.3976393201797117,-0.038881906368888,15.24632042393301,30.253974259116706,0.4992487326463026,-0.015901791889819605,7.423971804085421,12.12014757352741,0.15909848549603126,-0.007524435115943889,3,High-Starting-BP Recovery,BHS,North America,High income
Bahrain,38.12890893619466,22.07040144696983,-0.5409638256898677,0.06789082072274966,18.31364624264372,30.276664031123993,0.395337343478039,0.05725726388351371,8.996424366245044,11.128647723492751,0.07432733900623588,0.009106100917435925,3,High-Starting-BP Recovery,BHR,Asia,High income
Bangladesh,22.281638312412333,25.103948322635897,0.09621495838943095,-0.23038770191205973,0.4183207743647711,2.985684368524501,0.08301623148158459,0.07992900363222791,4.054847925368163,9.39444332881449,0.18019725158990255,0.033494455712230864,4,Lean Hypertension / Low-Obesity Rising-BP,BGD,Asia,Lower middle income
Barbados,29.874371598576328,24.44265201411419,-0.18403899184816153,0.08845064264214475,9.679734416681285,21.596967185479286,0.40132193969686836,0.22769882938683156,6.3500994121263075,11.634294249841183,0.17738823888638897,0.09026061525404652,0,Moderate Transition,BRB,North America,High income
Belarus,40.02217826666909,28.618721623836688,-0.39398059632526405,-0.2512856948191973,12.327083957041308,23.58648307020963,0.3698859440766442,-0.023232371233739002,5.381134262317178,7.631981099135144,0.07433311133605476,0.013361309366294843,3,High-Starting-BP Recovery,BLR,Europe,Upper middle income
Belgium,35.038944735755535,18.390929339734818,-0.5589244845301193,0.2888643816957543,12.429015264786262,21.54300602306618,0.3063667108957693,0.04396995261388953,5.799706402735174,4.6062680552578446,-0.04043825057916535,-0.006062952579214825,2,Wealthy Decouplers,BEL,Europe,High income
Belize,30.700886001390007,23.00551151477768,-0.26366024107830127,0.09805914005218633,10.666557231755913,22.72934290792735,0.40614295324134575,0.15253413430303986,6.650027832466316,12.098471175280533,0.18489296956149207,0.0715934703940991,0,Moderate Transition,BLZ,North America,Upper middle income
Benin,29.312742510271317,28.340251950569872,-0.03798573899655539,-0.26637389891125623,1.8122214007863349,8.422366335099015,0.21908815580366148,0.11540647515771071,3.0696183109560833,6.923056777596713,0.1315464978369206,0.014992344113100256,4,Lean Hypertension / Low-Obesity Rising-BP,BEN,Africa,Low income
Bermuda,42.50651734206203,22.632900302764803,-0.6807339463796591,0.291396708862281,22.876126146759823,34.63216345923829,0.39261864704776533,0.09089078347586932,11.00206011447247,14.345636049069949,0.10440773888922476,0.14502635455729374,3,High-Starting-BP Recovery,BMU,North America,High income
Bhutan,23.700414760611924,28.07432505376206,0.1508242604960252,-0.11540818509697685,0.7262081702836153,5.637075957400883,0.16214367746980904,0.15539694994215705,4.570429281531278,11.43913390345028,0.23782889880549193,-0.018989757759835385,4,Lean Hypertension / Low-Obesity Rising-BP,BTN,Asia,Lower middle income
Bolivia,24.869816304643823,18.491153482177307,-0.22754613946612864,-0.07934842526538535,6.593037147270664,18.83197581107264,0.40935102548396285,0.0636425523304393,4.630247631747407,7.640415552403775,0.09900012488866168,0.01974743262499032,2,Wealthy Decouplers,BOL,South America,Lower middle income
Bosnia and Herzegovina,31.888160225180496,30.717765471407603,-0.055718785849341625,0.005804131915246449,7.961652803592794,16.924861127086082,0.29423956263737777,0.04532133930975596,4.772779776344689,7.352695932002016,0.09657021838586644,0.0009759795758483292,4,Lean Hypertension / Low-Obesity Rising-BP,BIH,Europe,Upper middle income
Botswana,30.01889908952512,29.926486564932837,-0.019553113722278952,-0.5320814975323724,4.096759694556157,17.898729866262766,0.4737211501025033,-0.1010367279527094,3.162605796521839,8.16764555919492,0.16780816753617878,-0.055604721089328124,4,Lean Hypertension / Low-Obesity Rising-BP,BWA,Africa,Upper middle income
Brazil,34.352750962328834,24.45914007499491,-0.3390693808933956,-0.13482528231115537,7.523485862599928,20.76797687227387,0.44526690108614053,0.08928556872727927,5.360065962292195,8.006611255793425,0.08629169431500391,0.012476824974720482,2,Wealthy Decouplers,BRA,South America,Upper middle income
Brunei Darussalam,26.292663589582112,19.54804331060437,-0.22778904865925212,-0.05784774209769139,3.378279592252855,12.594854596049077,0.3069586259711236,0.21144800631700025,7.5930784906337205,9.48942173336499,0.06952728764953793,-0.07320734544844551,2,Wealthy Decouplers,BRN,Asia,High income
Bulgaria,38.230998600138165,29.115414544266436,-0.3313696997617339,-0.1891679367048282,13.238928879505035,24.04157953566613,0.35450366014487456,0.06533461372283139,5.24850869098047,7.417342958602584,0.07039008222969395,0.05430804540750745,3,High-Starting-BP Recovery,BGR,Europe,Upper middle income
Burkina Faso,27.312122875276508,32.43026136941113,0.16946092281510464,-0.2200443547894888,0.6809201369574553,4.443976979060011,0.12158173236941354,0.12300634448864882,2.4282591865029857,6.138112917558157,0.12627446949779636,0.05396475221183346,4,Lean Hypertension / Low-Obesity Rising-BP,BFA,Africa,Low income
Burundi,20.85259574309088,28.47328888059481,0.25162256791473114,-0.05473987932546745,0.8829833916480272,4.576930765386933,0.12107345436041808,0.10119804316479679,1.340687480239346,3.9081806660667597,0.08581987673821992,0.03397079023659563,4,Lean Hypertension / Low-Obesity Rising-BP,BDI,Africa,Low income
Cabo Verde,30.17537851108171,30.29964513496256,0.006198814191809501,-0.4494951979067757,1.6604815244338451,10.452269219452734,0.2964087542616588,0.11806475751964945,3.3548455293424895,8.342319135342358,0.17322023044663848,0.017989009864411876,4,Lean Hypertension / Low-Obesity Rising-BP,CPV,Africa,Lower middle income
Cambodia,20.35510198726155,25.58521927261877,0.1739225272517719,-0.10026765017559641,0.40034364181924775,3.1221072813762945,0.08877040041670592,0.07984746751083906,3.1729216169420553,6.870469119405845,0.12353970419116976,0.02025197261281876,4,Lean Hypertension / Low-Obesity Rising-BP,KHM,Asia,Lower middle income
Cameroon,27.6286580323208,25.654728257019496,-0.06684939968675323,-0.2952957588112503,2.2420921960082274,10.12125644286086,0.2614349125240934,0.14651226552731147,3.150726473491371,6.457738030903374,0.11197009418943309,0.03683002677459456,4,Lean Hypertension / Low-Obesity Rising-BP,CMR,Africa,Lower middle income
Canada,27.609220291187263,14.273099914881808,-0.4429611077186179,0.06403079550248753,12.411190821191871,28.11455200937369,0.5319170579565243,0.1232517006628418,4.569265714275868,5.488166124823307,0.03290586221102972,-0.04118192432663239,2,Wealthy Decouplers,CAN,North America,High income
Central African Republic,30.502319883606845,31.179886148468718,0.01888451859523553,-0.09453590223663577,1.788482165221684,6.485029245937906,0.154277843410189,0.09445806449856953,3.030098429715681,7.34637926145672,0.1420020464984055,0.0914295229449243,4,Lean Hypertension / Low-Obesity Rising-BP,CAF,Africa,Low income
Chad,29.21285655420989,32.49204602837665,0.10170968528152868,-0.12434547788135629,1.1750460525429072,5.25754246811662,0.1344772281263135,0.0910544452797676,2.7224641439792903,6.672767078791091,0.13427769059750672,0.06826849020184543,4,Lean Hypertension / Low-Obesity Rising-BP,TCD,Africa,Low income
Chile,34.44267095301457,21.95884360023515,-0.4167562143157756,0.03716453687639981,14.09482951445886,26.940640411321283,0.42825029611745535,0.0903611605296385,7.541766981527978,10.157726724172294,0.0874233889574198,0.06652207313156405,3,High-Starting-BP Recovery,CHL,South America,High income
China,18.88480606735013,19.69947237904402,0.037156284216748346,-0.21532418336482265,0.7669650818470777,5.192284101797263,0.14428392449717362,0.14016617537370707,4.357222984072299,8.389152568892525,0.1353865265844524,0.10032605506142142,4,Lean Hypertension / Low-Obesity Rising-BP,CHN,Asia,Upper middle income
China (Hong Kong SAR),31.70351228771964,20.28149973151116,-0.3768878507165098,0.027198742367362694,4.769128856209436,10.15171353707468,0.1798899895283694,-0.00447918211099485,7.6304549039261955,7.505779455643079,-0.0033682559810587183,-0.051797169701431084,2,Wealthy Decouplers,HKG,Asia,High income
Colombia,27.775592732712397,19.94507766210241,-0.26665672175594035,-0.06871849174942846,8.88292553355603,21.024965744742723,0.4042950127351542,0.06516760162451812,5.149066957578467,8.299448914240262,0.10633681113975842,-0.012540389665742058,2,Wealthy Decouplers,COL,South America,Upper middle income
Comoros,25.261803309032718,27.48197927321134,0.06583128070352894,-0.004492181947693116,1.7907154851844738,6.890779647823225,0.16811538310041477,0.08513538035185908,3.368283369316458,7.5614610514329685,0.14126256624588887,0.035762801433676356,4,Lean Hypertension / Low-Obesity Rising-BP,COM,Africa,Low income
Congo,31.973491043832148,26.805409276908602,-0.1827045707646338,-0.10041565517164956,2.3326298477800087,8.575483169800627,0.20550836181535928,0.11076993391617845,3.6015855339105287,7.3259217285334275,0.12070654975673947,0.006901333263531401,4,Lean Hypertension / Low-Obesity Rising-BP,COG,Africa,Lower middle income
Cook Islands,28.756350753411994,22.79037917787044,-0.19105284553307078,0.009208085477270339,33.36240383417473,55.30655180111346,0.7451005463831357,0.03186283212548857,12.675531507042232,27.01711874519959,0.48582243840638334,-0.2430854814035351,1,Pacific Extreme Outliers,COK,Oceania,
Costa Rica,24.98614595859179,19.48747966772255,-0.18655055381898328,-0.1033019039302345,7.313593145012864,23.759834311706097,0.5510390777325067,0.26827355400700625,4.517374805916111,8.62409555466979,0.1402627969765335,0.005589365424613552,0,Moderate Transition,CRI,North America,Upper middle income
Cote d'Ivoire,29.844813605066996,27.9644077048675,-0.06659184195162755,-0.2142715629010045,2.401115667536485,9.321472809460456,0.2275466255444545,0.16052853193849195,3.4292769491907533,6.566465122600427,0.10577431620496189,0.01199282868391044,4,Lean Hypertension / Low-Obesity Rising-BP,CIV,Africa,Lower middle income
Croatia,38.158116169879534,32.41568154848825,-0.21014297476883526,0.07475636280000827,11.917514089058438,23.251833409131923,0.37172065691126555,0.08569893625034053,4.761695195427587,7.0744748994749385,0.0734060329771337,0.036811120973211944,3,High-Starting-BP Recovery,HRV,Europe,Upper middle income
Cuba,33.45077276510449,19.77338094996457,-0.48111852634449787,-0.05118886679426554,10.680509146929523,23.5550278870049,0.42656756474366275,0.04991754181707714,5.808335623660853,8.19450083969554,0.07385310818185455,-0.02072201883919715,2,Wealthy Decouplers,CUB,North America,Upper middle income
Cyprus,27.2298080053822,20.77609498764685,-0.21905132881150824,-0.3384951149205999,9.095928888898372,21.17866982094067,0.39746222473721204,-0.11690270560268756,3.9131376166274046,6.892905438313067,0.10297451033240754,-0.07719729389552193,2,Wealthy Decouplers,CYP,Asia,High income
Czech Republic,40.6384991905663,28.586053912108337,-0.41261121459864336,0.14885404568518112,17.13804300390576,25.440372590482163,0.2685117532868901,0.05242621388014629,6.7787247316856,7.414205428571806,0.020064509708062398,0.05508656798461227,3,High-Starting-BP Recovery,CZE,Europe,High income
DR Congo,28.390247972958548,28.602161945323097,0.0015579956859684313,-0.11334746070123145,1.2320285946448248,5.742128940956556,0.14848321267327805,0.11937470324104604,2.5627301373003593,5.789969387971656,0.10568493629426957,0.047787945224124176,4,Lean Hypertension / Low-Obesity Rising-BP,COD,Africa,Low income
Denmark,35.83984065218626,22.375327958598383,-0.4258853458319672,-0.09233448965579144,9.21520516614295,18.852885612927487,0.32157141818173296,0.06507823264539775,4.706758488490133,4.347648564173132,-0.012201972864979477,-0.031986638305025454,2,Wealthy Decouplers,DNK,Europe,High income
Djibouti,38.12690456405288,27.74441060677063,-0.3514551498337916,0.0038771541530963627,5.760078837974257,12.783463167834077,0.22958707912885912,0.037602691703342156,5.855300733703659,8.07984256010219,0.07809255353640711,-0.07645075647876717,3,High-Starting-BP Recovery,DJI,Africa,Lower middle income
Dominica,29.001012391528292,23.357801976488933,-0.19854246205709292,-0.2511902790129906,9.495613620746221,26.39519297509156,0.5594894984007914,-0.08603500008233311,5.393459287390593,10.621170788398706,0.1711029349040857,0.015230277386566543,3,High-Starting-BP Recovery,DMA,North America,Upper middle income
Dominican Republic,28.071653804427797,22.478426718372692,-0.18092368747137538,-0.11049557212958636,8.867997205375488,25.425890472909902,0.5452034212717104,0.3106041188209909,4.343794694630269,9.721513597106483,0.1872447866804851,0.05518908446994028,0,Moderate Transition,DOM,North America,Upper middle income
Ecuador,22.978839885408618,18.307217438676368,-0.16304881067442567,-0.06451376455979878,7.0337235877162545,18.69502198567698,0.39005451170101624,0.05711394590548552,4.262248018156323,7.632341495495334,0.11204066178178287,0.007983747145591386,2,Wealthy Decouplers,ECU,South America,Upper middle income
Egypt,29.489321459020232,25.33856800562207,-0.140065742583105,-0.05087184523489935,14.850501863328466,30.19274416361487,0.5081492238949031,0.1815933269639683,7.591202493854118,16.90507019911457,0.3064239165888512,0.17151082272574558,0,Moderate Transition,EGY,Africa,Lower middle income
El Salvador,24.57697521990106,19.41144558130465,-0.17303258227774618,-0.050099329341569465,7.813725924641631,22.46663930055403,0.49691382178161275,0.16557418278475106,5.400460249285487,9.736949325263012,0.15093002807921096,-0.018137268077021373,0,Moderate Transition,SLV,North America,Lower middle income
Equatorial Guinea,28.490619035510214,28.515258691875204,-0.007173424873675086,-0.13762373093563307,1.7532937300786737,7.345692236287485,0.188021140869668,0.08130728811414606,2.86331059210979,8.874579784359389,0.20693733235084244,0.14419166007901638,4,Lean Hypertension / Low-Obesity Rising-BP,GNQ,Africa,Upper middle income
Eritrea,24.67300805116665,28.564431234800008,0.1303933657472064,-0.036769735421784744,0.894152305686229,4.117065464487529,0.1053072170263886,0.08784752753771938,2.337243181776981,5.252078416404312,0.09991798185673287,0.012792781753345667,4,Lean Hypertension / Low-Obesity Rising-BP,ERI,Africa,Low income
Estonia,41.58910939435445,28.430530525152392,-0.45590254913817013,0.08386628932766399,14.138888673666347,20.74790683821951,0.21496642842611663,0.04442619399722919,6.212010316661606,7.00650614648512,0.025378581842845128,0.03283770184745832,3,High-Starting-BP Recovery,EST,Europe,High income
Ethiopia,23.83852869317168,29.692609770721653,0.19540236520322882,-0.007462240305467244,0.7547782922507613,3.7541186820306556,0.09808259583321143,0.08088609940351416,2.425123881666311,5.175467869480897,0.0930721335346848,0.016359884045147294,4,Lean Hypertension / Low-Obesity Rising-BP,ETH,Africa,Low income
Fiji,24.12778445999844,21.878960194108764,-0.06919037532969134,-0.04332948931113466,12.493577416265987,28.76403426118601,0.5512320398593069,0.09826235425766533,9.534357816774888,16.66397449298228,0.24204406321977126,0.2087115092256221,0,Moderate Transition,FJI,Oceania,Upper middle income
Finland,35.862021037379634,20.72028742302091,-0.5202906379037483,-0.13914343773793492,9.442097352150544,21.48163602420882,0.40316509352761826,-0.04353445456497018,5.057528218986495,5.396046265627396,0.010888468294876883,-0.057793158185815305,2,Wealthy Decouplers,FIN,Europe,High income
France,38.54432477170185,23.7376998272143,-0.491692490039393,-0.07872430999503377,10.862613607884809,20.85348753633853,0.3356184838972256,0.0761621641518555,4.9679512928111675,5.883713621705178,0.0324564270284182,0.0021550903562407436,2,Wealthy Decouplers,FRA,Europe,High income
French Polynesia,32.29374836934561,26.367540915505522,-0.19522415128670245,0.20399303942149158,34.02088200293919,50.74094981965976,0.5538751525689517,0.010045160679683973,11.545037059955462,20.3832488140686,0.29761624022541866,-0.14427760920320473,1,Pacific Extreme Outliers,PYF,Oceania,High income
Gabon,33.05350081400053,26.37602702668081,-0.25451172752258955,-0.36107953513651375,3.429305799595073,14.04987387175494,0.35738602168847633,0.059407026717054,4.126352052542499,9.64285517167718,0.18789558040897197,-0.0004631753691307361,4,Lean Hypertension / Low-Obesity Rising-BP,GAB,Africa,Upper middle income
Gambia,30.729494519292313,29.89485983223971,-0.036224900576694134,-0.34389244478999637,1.6535529884920592,9.08137579488576,0.2480271180941643,0.16199217465253934,3.3701870985594518,8.240581558496618,0.164324057551705,0.07144563869945067,4,Lean Hypertension / Low-Obesity Rising-BP,GMB,Africa,Low income
Georgia,29.50494568962946,26.23726994070604,-0.1153148846797753,0.19215647817169987,8.357346519952205,19.810436784883578,0.37177052467979493,0.15244879684560408,5.762120509031494,11.818491491186329,0.19104869285932727,0.2175804961058503,0,Moderate Transition,GEO,Asia,Lower middle income
Germany,38.52260387212488,21.49904162455967,-0.5943418666343928,-0.22827154385864773,10.82201226594712,21.481008276200832,0.35794627423649733,0.06210272291864666,4.599932250614929,4.935953611439212,0.012486597457802416,-0.011139671348766438,2,Wealthy Decouplers,DEU,Europe,High income
Ghana,27.80407881061591,24.59071530992268,-0.10948344421251859,-0.2645724390920681,2.2179527007374027,9.550237112646895,0.24648090148720844,0.15028927660472124,3.166771257767447,6.311702343137793,0.10850167094435983,-0.0021748302236239553,4,Lean Hypertension / Low-Obesity Rising-BP,GHA,Africa,Lower middle income
Greece,31.108499457774023,20.111820800562942,-0.37675628240226233,-0.06885125521378743,12.549848036085574,24.0276058185262,0.38132911390192503,0.03740980078617295,5.493299189721224,6.569395003320861,0.03635811865660664,-0.005139878341651936,2,Wealthy Decouplers,GRC,Europe,High income
Greenland,35.796327247430916,21.477146785613108,-0.4828669655416151,-0.07563730642819705,10.137957813893689,21.828640974290458,0.39093879704951595,0.05571796183247041,4.9198120605261595,5.08455164232642,0.0055444440653928,-0.0279384802374575,2,Wealthy Decouplers,GRL,North America,High income
Grenada,25.904611852260814,24.22252815843722,-0.05892478237690025,0.014627459439390138,7.337901567479378,19.76647213798325,0.4175885167894344,0.17651951330952642,4.458973859417272,10.467837618279612,0.20203762837372893,0.09744107820857179,0,Moderate Transition,GRD,North America,Upper middle income
Guatemala,24.546934458835846,21.49800519372235,-0.10266640445411944,0.004334356711190174,6.859231559917893,19.26273108424433,0.41468252825599744,0.16369165047679451,4.8637828538372165,9.321056866695766,0.15263607453073494,0.041302329860768774,0,Moderate Transition,GTM,North America,Lower middle income
Guinea,27.37082736816219,30.218643484520204,0.09433917138617243,-0.12693448804124013,1.4538498294742657,6.670492425450422,0.17139725604113318,0.11435730506876345,2.5872031878501502,6.104536461955114,0.11871194356702938,0.03940859173602278,4,Lean Hypertension / Low-Obesity Rising-BP,GIN,Africa,Low income
Guinea Bissau,28.21889594818328,30.69350743923157,0.08877078289415173,-0.15025520926841432,1.344771724522525,8.17859430475724,0.22743656496182327,0.15909994210249226,2.837179055619302,6.839534251164044,0.137416700423596,0.040082628037941895,4,Lean Hypertension / Low-Obesity Rising-BP,GNB,Africa,Low income
Guyana,24.99758274609072,22.806690641520795,-0.0766818889312405,0.10986904699278716,6.846576855592484,18.26762723495434,0.3783575046675193,0.1893808591539089,4.483482640789776,10.210836131897564,0.19235467315761215,0.11613367553078074,0,Moderate Transition,GUY,South America,Upper middle income
Haiti,24.68530101397901,25.131182391967904,0.026081401382233905,-0.15287132171371093,4.431730928701089,19.944350805335837,0.5117302967175424,0.367078914580312,3.047616730737364,8.236514652294645,0.17617767984376453,0.07628422033347732,0,Moderate Transition,HTI,North America,Low income
Honduras,23.91357273787365,21.74411389069261,-0.07232184438257235,-0.03219153720892274,6.239632472983975,19.592702054284054,0.4445366160028414,0.1824586569878009,4.0082299429578345,8.800787777686015,0.15970376611437473,0.06528402325909727,0,Moderate Transition,HND,North America,Lower middle income
Hungary,42.02016441805039,31.209186242987847,-0.37822626736315246,-0.17696609672927482,15.073420976145162,25.36657102204312,0.33331387620295394,0.1283838444358102,5.831005116752392,7.610594419345196,0.05757880099389232,0.041447455361343234,3,High-Starting-BP Recovery,HUN,Europe,High income
Iceland,36.474647617653766,20.89226746460764,-0.5218566937798951,0.1247951957942115,10.608895098796411,21.111837380064912,0.3528974533238056,0.040876703023277616,6.465916763184329,5.957977384411962,-0.02240154392157036,-0.03870694478679258,2,Wealthy Decouplers,ISL,Europe,High income
India,23.732370473645027,25.58444262822899,0.06107890664405325,-0.011735844838354006,0.5845381111679855,3.312066810112038,0.08918277446210526,0.07478665026710812,4.410896207652311,8.559126164600425,0.14310978897674154,-0.05423294234211386,4,Lean Hypertension / Low-Obesity Rising-BP,IND,Asia,Lower middle income
Indonesia,23.289425972407003,24.168619671151124,0.034659580082172965,-0.20623124639057674,0.7019303632556285,5.710745936384742,0.1650929931928563,0.160636464741812,3.872125750540724,7.541155735099393,0.1272967810527646,-0.029163741648149902,4,Lean Hypertension / Low-Obesity Rising-BP,IDN,Asia,Lower middle income
Iran,29.78762924535143,20.934895956004134,-0.2934754786491345,-0.136493432388966,9.340955235477962,24.215985726801343,0.49597529949440344,0.14791444188365938,5.662930964580281,11.484040775157121,0.1938307245558908,0.18399242987411496,0,Moderate Transition,IRN,Asia,Upper middle income
Iraq,34.24045869945512,25.855514635693588,-0.28613863134665024,0.00034287575053448816,15.310977675341466,28.892854535328087,0.44003266042944245,0.05725512587710513,8.45248971149284,16.40233255343945,0.257225530417974,0.19039885577068377,3,High-Starting-BP Recovery,IRQ,Asia,Upper middle income
Ireland,31.96004418198213,21.299813155895087,-0.3391487828048231,-0.15781166045609946,8.770570915100276,23.66907130233449,0.4991846778653024,0.18454000348390576,3.920848047653236,6.141398095651788,0.07749530055192003,-0.022278521743411828,2,Wealthy Decouplers,IRL,Europe,High income
Israel,34.32877969888311,18.03656826002134,-0.551632386773708,0.03204564918868191,15.72393478123331,25.7156515284218,0.3340948842414293,-0.006663623963922005,5.755432186016049,6.375230868122737,0.01897240485403769,-0.04805824555387884,2,Wealthy Decouplers,ISR,Asia,High income
Italy,34.99910634669861,22.82623275670127,-0.40961786899936947,-0.2666431792203262,10.392857811940736,19.39233628859271,0.3022585985005032,0.03835226072828496,4.780829639864615,5.757580975098545,0.03333843717043832,0.006072473578256736,2,Wealthy Decouplers,ITA,Europe,High income
Jamaica,27.802153906060084,22.30483608490423,-0.1793159054989409,0.031820866250108965,9.221700660252887,22.85108475234955,0.4534721752814832,0.15231476989762982,4.967010361320813,11.217926520430435,0.21138943681375819,0.10955932555805462,0,Moderate Transition,JAM,North America,Upper middle income
Japan,30.227403754944294,18.44382352377211,-0.3908650998554016,0.13941588326762921,1.3026209258312482,3.763919366141001,0.07916947550810978,0.0887199322171506,5.544750346167772,6.710546802590876,0.04281471455428338,-0.029557150268352404,2,Wealthy Decouplers,JPN,Asia,High income
Jordan,32.00648527368966,22.03921164512741,-0.3438993788940268,-0.1680992486783192,15.866349060851855,34.45392307090358,0.6217709044839177,-0.11341140169877828,8.538432069697961,16.2589413772951,0.25594070902873134,0.029051944967560667,3,High-Starting-BP Recovery,JOR,Asia,Lower middle income
Kazakhstan,33.045244595189466,27.203906643876955,-0.20324412606741663,0.1392315981730207,8.51945165691412,19.4668565784371,0.3605908156659507,0.11449989243993969,6.395241288452322,11.382459520947721,0.1643788000740439,0.07101111983991987,0,Moderate Transition,KAZ,Asia,Upper middle income
Kenya,23.712343805978218,26.39257185695866,0.08512067973318113,-0.07035165624606032,1.3147227785837612,6.058031926012548,0.1559262296671353,0.12566443736206345,2.536375845240936,5.718624015958561,0.10661582750100708,0.01988773902923527,4,Lean Hypertension / Low-Obesity Rising-BP,KEN,Africa,Lower middle income
Kiribati,21.86408583539478,21.453564746277202,-0.01127149779606969,0.0370093152847196,22.19263242259113,44.872087550780876,0.7705387412809376,0.0027408158611152977,7.570556124055562,21.628961784961795,0.48310754614282536,-0.09625593715117337,1,Pacific Extreme Outliers,KIR,Oceania,Lower middle income
Kuwait,41.39035045428998,24.55976926103633,-0.5764762240693614,-0.004287296711885102,24.78211338646362,38.55173941686542,0.44693617275336284,0.0016215639262786574,12.65882615364638,18.97295095672726,0.20921866610699877,0.15474847856450397,3,High-Starting-BP Recovery,KWT,Asia,High income
Kyrgyzstan,28.86479611396557,26.50024608895594,-0.07715015959163611,0.11869563598389882,5.708984839760208,14.85034716538199,0.2983184870373368,0.18579633559244457,4.464095335672612,9.739651902779443,0.1720600182722917,0.11093093052412276,0,Moderate Transition,KGZ,Asia,Lower middle income
Lao PDR,21.5350471291575,24.93550378351001,0.1219501319644558,-0.17999805248716017,0.511895781033816,4.19642372812814,0.11834853606060004,0.14396955903264924,3.6204006924513776,7.406324229676881,0.13034769978435612,0.038223224022816665,4,Lean Hypertension / Low-Obesity Rising-BP,LAO,Asia,Lower middle income
Latvia,42.8683005452246,30.15579297200494,-0.45022100845133267,0.05847810856795205,15.248931621465918,22.968415177031904,0.2508788817727282,0.030313190343715324,6.256165060476766,7.033921259205497,0.02106744820013391,0.018455905637176886,3,High-Starting-BP Recovery,LVA,Europe,High income
Lebanon,34.62173342414394,21.24813479505548,-0.48408406590674136,0.09979092090491976,15.768231906128094,31.187691654044368,0.5052611328610496,-0.06398043134627407,7.144904994335595,12.487030498478711,0.165618823554564,0.23229041102571735,3,High-Starting-BP Recovery,LBN,Asia,Upper middle income
Lesotho,26.448348935080823,28.452612527233903,0.06471452234277227,-0.1076566050521007,4.4474409001287105,14.421155572608944,0.33487579708961546,0.1576908025958756,3.6731440491597147,8.211170943085552,0.15543167463346821,0.04639077230177226,4,Lean Hypertension / Low-Obesity Rising-BP,LSO,Africa,Lower middle income
Liberia,30.60659224340863,28.729524282849262,-0.08420220271570972,-0.25090760166608606,2.2387433555941803,8.856289933813319,0.20916364687792852,0.015076158802239614,3.9481687626899484,7.292872261352511,0.09989527226945669,0.06567573407801393,4,Lean Hypertension / Low-Obesity Rising-BP,LBR,Africa,Low income
Libya,36.107178719705765,24.735923827778848,-0.39974497669602105,-0.01703214492096783,16.266116016468583,31.06984043712863,0.4773089424122689,0.0019874267534359946,8.65951529370978,15.27523428008676,0.21738477494683364,0.1705412863874497,3,High-Starting-BP Recovery,LBY,Africa,Upper middle income
Lithuania,42.84311604850801,30.459160696789883,-0.44041668485264296,-0.09249685357992599,15.997582684814429,25.60852373713849,0.3092517407039537,-0.06871473005831785,7.000904125125965,7.76421401285103,0.01668012008402515,0.045941706781917314,3,High-Starting-BP Recovery,LTU,Europe,High income
Luxembourg,40.64608137612904,23.43744783357771,-0.5961262776794369,-0.22328539110429196,10.217344980662208,21.66256371004997,0.38387290043843436,0.10758825871357969,5.05323055256203,5.4000303455363685,0.010923180227240023,-0.026617208716955342,2,Wealthy Decouplers,LUX,Europe,High income
Macedonia (TFYR),35.859999953206206,28.93744670396427,-0.2428401845829994,-0.043277813278385174,11.8641932782469,21.607974255639277,0.3223471404864818,-0.013970684448565085,5.500644805754197,7.028172706173,0.04868468294548933,-0.010743925794563534,3,High-Starting-BP Recovery,MKD,Europe,Upper middle income
Madagascar,25.774699897444783,28.066011506479377,0.07575363925869423,-0.12433538668388208,0.8601162354644607,4.459928263419918,0.1173782237306934,0.0934877298790567,2.6438447271752223,5.360151833304722,0.0915811016209879,0.0004650484507388031,4,Lean Hypertension / Low-Obesity Rising-BP,MDG,Africa,Low income
Malawi,22.69801379955772,28.205736175174927,0.18575076462236878,-0.07492739675504512,0.9979385426502974,4.923148995794017,0.12984688028077385,0.09700374527939885,2.628460940635705,6.008454369563404,0.1141886589513046,0.02229492676921295,4,Lean Hypertension / Low-Obesity Rising-BP,MWI,Africa,Low income
Malaysia,26.97787595309549,23.859362835622722,-0.09103344713144854,-0.18027914517376847,2.4233980855936146,13.585422602205497,0.37317365518724016,0.2830082777136814,5.589581243405168,10.84643450626919,0.18365669508270116,-0.005511460648466998,0,Moderate Transition,MYS,Asia,Upper middle income
Maldives,20.743668202468548,24.49649040292713,0.13063045880426963,-0.08229093778551828,1.1105187521653233,7.079107236503586,0.18960275682292202,0.20943095897729402,4.5812886265224,10.69913727727902,0.21187721226074682,0.005387753887856117,4,Lean Hypertension / Low-Obesity Rising-BP,MDV,Asia,Upper middle income
Mali,29.334476789581924,32.423039104796366,0.09702586711526155,-0.12054787393604408,1.3836959584959203,7.307361084023496,0.19458575426998648,0.16161930471460045,2.928508804465582,7.0087756398626855,0.13595118552105623,0.07101047124324346,4,Lean Hypertension / Low-Obesity Rising-BP,MLI,Africa,Low income
Malta,39.26285432672405,20.94799292285983,-0.6088241963116837,0.0228765794642265,17.75747025465128,28.42298519574944,0.3605308110734742,0.053296162527513846,7.38246156283015,7.705144960021839,0.01312491444770679,0.00802647192957792,3,High-Starting-BP Recovery,MLT,Europe,High income
Marshall Islands,28.30729118423838,21.63529370649944,-0.22079545425234026,0.08360314972905589,33.067314122207655,52.220434144142516,0.640545988038395,-0.10125964447904012,10.621538541618488,20.726674191259512,0.34365622459000034,-0.19579538770738336,1,Pacific Extreme Outliers,MHL,Oceania,Upper middle income
Mauritania,33.48170483726386,32.52440993289936,-0.04380689856509372,-0.3669782211006738,2.134017567913882,11.363523013859353,0.30797467597812045,0.12979755980238883,3.9224331091543,8.657535230007877,0.1597981428982548,-0.022427611849422824,4,Lean Hypertension / Low-Obesity Rising-BP,MRT,Africa,Lower middle income
Mauritius,29.08690821001768,25.1556162979397,-0.13232221310993664,0.04529999154046395,3.791271413847049,9.882492412590551,0.20323895487336374,0.06874332636751188,8.266118476471231,12.723525843500479,0.15070412748188156,-0.06608783783465245,4,Lean Hypertension / Low-Obesity Rising-BP,MUS,Africa,Upper middle income
Mexico,29.51480523660904,20.473875278981282,-0.3056122832876371,0.020986921016033666,12.67056797655114,27.411740762796448,0.492309619169955,0.034075742902144046,6.697179175485009,10.93740243421513,0.14617751228214115,-0.027065268867576764,2,Wealthy Decouplers,MEX,North America,Upper middle income
Micronesia (Federated States of),23.25677559619063,24.381518396013952,0.03743657093940903,0.1426420065015183,24.22843535437192,44.36026955212205,0.6651574539127362,0.028959997793224668,8.425999637185312,20.974746957422617,0.4215325707727513,0.07591742688121261,1,Pacific Extreme Outliers,FSM,Oceania,Lower middle income
Moldova,34.36564165826815,29.96443017846184,-0.16171900560037628,0.06094220921211743,9.412327111502455,17.983248790332038,0.278531429585944,-0.012275917343077924,4.8425601889155745,7.78203688619139,0.09584447728031543,0.08141914518130348,3,High-Starting-BP Recovery,MDA,Europe,Lower middle income
Mongolia,35.68625965594045,29.90697912778749,-0.18579619042364978,-0.04772280029137757,6.722562005192529,18.532846630039938,0.37953152447312233,0.23553874473402836,5.45813163449388,11.04124256542697,0.17920149256127665,0.10780088731247991,0,Moderate Transition,MNG,Asia,Lower middle income
Montenegro,32.558153509689554,29.96615043925517,-0.08296048221540822,-0.23334104598615432,8.434115306370696,22.415554161496708,0.4751089641998935,0.03895785580836103,4.648439650837279,7.0093055850894075,0.07946332868082596,-0.023155061891015155,3,High-Starting-BP Recovery,MNE,Europe,Upper middle income
Morocco,30.63226485737881,26.81982035382415,-0.12376201638515683,-0.16142724559620406,8.862675619836306,24.03694426603409,0.5036662421057401,0.1268123782937559,5.438278096437941,12.987422426868019,0.2521292674584724,0.14228901876041575,0,Moderate Transition,MAR,Africa,Lower middle income
Mozambique,24.372572215387283,28.832797454531892,0.14658745583420155,-0.18108854376868783,1.1116055409749945,6.129276683514378,0.16741624872391236,0.07295941112330181,2.611358044103798,6.148401446064486,0.12195629952258227,-0.0032052590460717317,4,Lean Hypertension / Low-Obesity Rising-BP,MOZ,Africa,Low income
Myanmar,22.67119274091437,24.448649246244507,0.06470551528135766,-0.007687522420432608,0.8114543790177582,4.674387428381046,0.12524974646573275,0.13013417938513894,3.664766574513038,7.128741168522636,0.11765418172415407,0.05228309701896071,4,Lean Hypertension / Low-Obesity Rising-BP,MMR,Asia,Lower middle income
Namibia,30.838736350089505,28.95034338338787,-0.05856733986570916,-0.10418283211786965,4.685967728929094,14.929192013085864,0.33776847839527285,0.2033409291562095,3.295509131265755,7.156134043233839,0.13304208386407088,0.05249180330460414,4,Lean Hypertension / Low-Obesity Rising-BP,NAM,Africa,Upper middle income
Nauru,37.57224644656186,21.43435740326282,-0.531921539813247,0.2832336678878364,48.969901209242266,60.94452964922482,0.3995686231303208,-0.043809711744321134,25.888457436393004,29.212848002513237,0.09879815229720819,-0.3371315865136529,1,Pacific Extreme Outliers,NRU,Oceania,Upper middle income
Nepal,24.13020041525686,29.25083932848928,0.17131568259737087,-0.016635600835687575,0.4902350766674548,3.384803018098215,0.09504018982400916,0.0908969351925101,4.024899740089078,10.174299074217041,0.21148386687406315,0.047485362444136286,4,Lean Hypertension / Low-Obesity Rising-BP,NPL,Asia,Low income
Netherlands,32.45590055713604,20.29746457274586,-0.40058818185761597,-0.1468045650758757,7.1426650593373795,19.363370239336803,0.4129164343761918,0.16502931144503918,3.78707557741726,4.386803103885746,0.023667339692773046,-0.02612550251486528,2,Wealthy Decouplers,NLD,Europe,High income
New Zealand,34.36869249666833,17.343159559193793,-0.5815461303564442,0.11570134858858433,13.68929099875252,29.360159938709945,0.5282991780762996,0.13691980856009867,5.450248620838998,6.8718587357045635,0.050749963794863184,-0.019630813405243794,2,Wealthy Decouplers,NZL,Oceania,High income
Nicaragua,27.711683026948958,21.22873154082586,-0.21847837998636202,0.07361740430654942,9.151537496398214,22.071183103001943,0.43146545537993075,0.13536015619198238,5.58162200475809,9.777798442392015,0.14282951442567746,0.03788240229638627,0,Moderate Transition,NIC,North America,Lower middle income
Niger,29.15519772753757,33.51268664065174,0.14902146252486925,-0.11890020901691976,1.0038445438525152,4.815691871542186,0.12489604888532072,0.0962934005039708,2.5429154060269363,5.406294738674437,0.09924302374968387,0.016760658769960593,4,Lean Hypertension / Low-Obesity Rising-BP,NER,Africa,Low income
Nigeria,27.18646533728628,24.946807435313332,-0.08419596025779835,-0.4137272004779123,1.3870077038755855,7.677834471231753,0.20703349380629266,0.15324776334921306,3.0510086355362835,5.954155692180882,0.09671503435294088,0.009189895954340555,4,Lean Hypertension / Low-Obesity Rising-BP,NGA,Africa,Lower middle income
Niue,23.53739391333255,24.06175359536662,0.01687487019045435,0.022078679494752576,25.18143298572197,48.337167499388684,0.7618386818012591,0.007632392433266855,10.326079523403086,26.17751425910169,0.5302998453781494,-0.06066871692735809,1,Pacific Extreme Outliers,NIU,Oceania,
North Korea,24.36574643817739,18.323104529079348,-0.20130241502763707,0.11055305489414397,2.207893973125536,6.085379916849339,0.12823681153188424,0.06775863289505697,5.6914351380507755,5.7179457780967,-0.0016278087380190605,0.03352264286114193,2,Wealthy Decouplers,PRK,Asia,Low income
Norway,34.1743074046921,20.97854288464213,-0.4412124260709304,-0.03970102717426888,9.83132352819846,22.070720622923652,0.41282228706404867,0.11287822873638187,4.285872254255272,5.0784199774142955,0.030185711668145036,-0.04022669671327442,2,Wealthy Decouplers,NOR,Europe,High income
Occupied Palestinian Territory,31.8296668483529,23.19065120400531,-0.28620803614247,-0.04228412578191537,15.312103345483171,31.21484929114207,0.5302997993393282,0.05099440049426163,7.269629287251601,16.06243493193669,0.29404566975197044,0.22490118426353645,0,Moderate Transition,PSE,Asia,Lower middle income
Oman,31.737250257238248,25.272149256599572,-0.23181373544649814,-0.33112885328780933,8.469928264195762,26.525290147104435,0.5954458084302651,-0.1011807521080259,5.699273340795749,12.82601329537664,0.23546194686656685,-0.02057672663559243,3,High-Starting-BP Recovery,OMN,Asia,High income
Pakistan,27.944424359883715,30.247230882870724,0.0786479647677922,0.04638491686370663,1.6123507457721509,7.491470439917677,0.19320915063938524,0.1444027658510752,5.674010655418085,11.8705587401684,0.20862708635394964,0.06118660290069397,4,Lean Hypertension / Low-Obesity Rising-BP,PAK,Asia,Lower middle income
Palau,30.92428056250936,23.49348973036418,-0.2469580906367741,0.07887730135405993,34.24391993294601,54.53521949438277,0.6619026168773509,-0.07156996441179753,13.19082240288547,22.841004993836997,0.3244742309350815,-0.176653603129961,1,Pacific Extreme Outliers,PLW,Oceania,High income
Panama,25.937096568415996,20.266587157873698,-0.19360950258795642,-0.04522680294260967,8.048709123044798,21.40949562812311,0.45412651673885696,0.14801691215857798,4.991535483832871,8.988602788160042,0.13452496390744811,0.020826851175904312,0,Moderate Transition,PAN,North America,Upper middle income
Papua New Guinea,19.87770226418575,24.821600762587384,0.16477075481679856,0.02271653292583703,7.207968844098408,19.670962878191187,0.41194238496473407,0.12499754476261865,5.997464839064884,14.044896135260137,0.2688831411972366,0.08707697845804888,0,Moderate Transition,PNG,Oceania,Lower middle income
Paraguay,27.922219076734137,25.26334570517452,-0.08066716735332706,-0.23008744316090815,5.871237206260301,18.907691574683568,0.4394546245856848,0.14117755898805145,3.6249868928361053,7.7771665073148855,0.1407644263899873,0.015183640232353746,0,Moderate Transition,PRY,South America,Upper middle income
Peru,25.10019705975004,14.673869986972198,-0.36160438652702376,-0.16234528643046625,8.423964499596924,18.71630647741021,0.34252136064808697,0.08755665177512123,5.539881752991134,7.422706986073348,0.05832926861382224,-0.007004987375806002,2,Wealthy Decouplers,PER,South America,Upper middle income
Philippines,23.361953150097218,22.60006969180976,-0.02948076226304913,-0.05159378759756467,1.1118587359120085,5.6147623053398785,0.148870149541045,0.058877309712850656,4.255373400943232,6.991694351983244,0.09184663327499511,-0.033227602720415486,4,Lean Hypertension / Low-Obesity Rising-BP,PHL,Asia,Lower middle income
Poland,39.728680713250455,29.54667275582201,-0.3548456286249097,-0.025126312084670976,12.90764291482912,22.322200974231983,0.309600089628031,0.061149606735252826,5.7586923511992785,7.447511547529532,0.05401371022820241,0.05246864929962147,3,High-Starting-BP Recovery,POL,Europe,High income
Portugal,30.485028055394714,25.75231003968069,-0.15187245269582467,-0.3049983839739031,7.272136487311704,19.70433049649177,0.41917221682757144,0.10280922774840173,4.344232721163776,6.707150377434675,0.07924862037285568,-0.009214574362579789,4,Lean Hypertension / Low-Obesity Rising-BP,PRT,Europe,High income
Puerto Rico,31.661309914293668,20.07115507713101,-0.4168259816752946,-0.2639429612696074,14.180419746802807,33.345830098373774,0.6216350222784192,-0.403327546327138,7.50948874763647,12.96879397474792,0.17788974649304984,-0.13588633352023882,2,Wealthy Decouplers,PRI,North America,High income
Qatar,39.39553383454222,22.589387705000018,-0.5612060109829973,-0.004674237925207603,21.78075818578866,36.68564830737728,0.5003182048338094,0.09053107149243522,11.4365706980294,18.09315698817142,0.223291291447242,0.23918007008588055,3,High-Starting-BP Recovery,QAT,Asia,High income
Romania,35.57058717349864,30.231822647802222,-0.1881565482052471,-0.024349362734648244,10.539006173955077,21.449407356541002,0.35653387578495127,0.023236063887495106,4.648997652940683,6.599817167197285,0.06460515503270592,0.05227979323752059,3,High-Starting-BP Recovery,ROU,Europe,Upper middle income
Russian Federation,43.004542546046295,28.4818576713139,-0.5073320263038634,-0.013602872375030217,15.11978838474452,22.28512730030347,0.23258973406930916,0.027798579802699536,6.505060897634726,7.5395838458820865,0.03260568114068521,0.04098769170601475,3,High-Starting-BP Recovery,RUS,Europe,Upper middle income
Rwanda,20.20600519115254,26.48694742288917,0.22302620671707168,-0.1439430218151479,0.7801553342525482,4.754469275708567,0.13089622860776007,0.13389063036070276,1.429784076331401,4.214224246816245,0.09675519990786267,0.030659661732002894,4,Lean Hypertension / Low-Obesity Rising-BP,RWA,Africa,Low income
Saint Kitts and Nevis,27.04957840402027,25.371863254589048,-0.052873383595697605,0.08587375528159802,8.55338823241506,21.072731381772304,0.4143950060858502,0.18131244379515038,6.571593584698252,13.765579094610672,0.23843738625377456,0.15600462093974374,0,Moderate Transition,KNA,North America,High income
Saint Lucia,24.352501642579234,26.816776202660463,0.08337894420898759,-0.007259872963077174,6.794629641240425,17.996016299689536,0.3757431088012806,0.04370931757404678,4.319620414553194,13.266313915527968,0.2935493438896022,0.23242812146368536,0,Moderate Transition,LCA,North America,Upper middle income
Saint Vincent and the Grenadines,26.140132561192132,23.78470028713921,-0.07681934603538389,-0.13240372632498867,7.47308447663508,22.12009822912716,0.48849084006596216,0.1593134583370311,4.929976872361412,10.263638614643888,0.18403818207719155,0.009401898217630877,0,Moderate Transition,VCT,North America,Upper middle income
Samoa,20.563421889097167,23.37171494949589,0.0999354109483426,-0.0011978269151424054,25.38635918197225,46.360333263363586,0.705892982349155,-0.021733121751258966,8.177605239426573,23.50874996261893,0.523597986373621,0.07780253986893926,1,Pacific Extreme Outliers,WSM,Oceania,Upper middle income
Sao Tome and Principe,30.867749774326523,26.799349545045573,-0.13513865526285024,-0.2767261632720286,2.184791294480452,10.867700747450908,0.29167158120545345,0.1722807853698935,4.3316054764098695,7.89572122128626,0.12089419674845069,-0.07346153475547436,4,Lean Hypertension / Low-Obesity Rising-BP,STP,Africa,Lower middle income
Saudi Arabia,33.98131305702002,24.15699469300702,-0.3433826938196804,-0.2677634626321977,16.57149575190049,35.127817197156915,0.6071735228260853,-0.08553706450648868,8.638145969555614,16.595945336811507,0.26369503054457305,0.052344519492934866,3,High-Starting-BP Recovery,SAU,Asia,High income
Senegal,32.008662136991475,30.557270671763046,-0.05022667079957111,-0.1604930722609571,2.1215895119423474,7.589123112579318,0.18074167557515633,0.09932283719533311,3.9543092401023237,7.18908186341653,0.10880794508981183,0.011214030598717922,4,Lean Hypertension / Low-Obesity Rising-BP,SEN,Africa,Low income
Serbia,36.28161759701684,30.4307046883216,-0.19599874035881093,-0.1527620141922543,10.221457519805204,20.69120030926867,0.34786245804485744,0.06652069650042969,4.795689844740753,6.732068317955401,0.06317966897118202,-0.00021982110462205606,3,High-Starting-BP Recovery,SRB,Europe,Upper middle income
Seychelles,30.418799029735403,23.855786661726977,-0.22341025856051394,-0.016384605952321524,4.979602520276482,12.956878295265724,0.26270652417871176,0.1316197877306191,5.978789647536054,10.073929116452163,0.13946537467455536,0.017200082748952822,0,Moderate Transition,SYC,Africa,High income
Sierra Leone,31.08218102135775,30.75935816858189,-0.015130192568173786,-0.27209299619901073,1.9208388015671019,7.613479477354441,0.18807961942612408,0.11483731234310815,3.4986448543688,6.558827607745023,0.1020040311228289,0.0338943542856303,4,Lean Hypertension / Low-Obesity Rising-BP,SLE,Africa,Low income
Singapore,33.056879768997284,16.014948257572197,-0.5560564153355858,0.20098670345230268,3.430262499985454,5.820186617751441,0.0792339465901641,0.04327345741945229,7.990122493920815,7.956960859999418,-0.00631322712200101,-0.11589546242398571,2,Wealthy Decouplers,SGP,Asia,High income
Slovakia,38.28337698796291,29.224901338413492,-0.31861252314877475,-0.03996204789028307,10.614491044714416,19.82124158631398,0.3009785380482773,0.002662847432039872,5.061829153441682,7.011537391311729,0.06053852190781933,0.031573135698961315,3,High-Starting-BP Recovery,SVK,Europe,High income
Slovenia,38.04190255413829,30.84938947461767,-0.2554065418292197,-0.050629587647009505,10.412482487845605,19.51172839504582,0.2986704930979706,0.034240822311196684,5.000675128367409,6.931573809282346,0.0621729418530189,0.005990916615568914,3,High-Starting-BP Recovery,SVN,Europe,High income
Solomon Islands,18.43649176218829,21.687969120674552,0.10460567861629419,-0.06002467068381767,6.998455880687532,20.77141660084046,0.45695484482567905,0.17166991572292845,6.323692751177764,13.29577151097017,0.23483760627621267,0.02928964113723273,0,Moderate Transition,SLB,Oceania,Lower middle income
Somalia,31.23658770436456,33.07203858864873,0.07314028263351136,-0.028333548897100803,1.797480569666361,7.173146474378211,0.17756346199923875,0.12135589448819965,3.2701154752238013,6.60501845308895,0.11297601481017824,0.0077866028613668425,4,Lean Hypertension / Low-Obesity Rising-BP,SOM,Africa,Low income
South Africa,35.576157096577056,27.510833065366114,-0.2801323725886594,-0.10975169202628246,12.030542021283118,26.161063980997067,0.47424625662781567,0.13568927975186412,6.339844435014797,10.786553579834086,0.1517158205284487,0.0862401828733397,3,High-Starting-BP Recovery,ZAF,Africa,Upper middle income
South Korea,22.66427033616403,12.412703370501278,-0.33938693435941736,-0.1526289822192789,0.9864466751620011,4.272459392969443,0.1102707511787708,0.0023083051864137977,4.61141658771776,7.775318125133334,0.09641924533228607,-0.17359249776988486,2,Wealthy Decouplers,KOR,Asia,High income
Spain,33.3958586843696,20.62717481846688,-0.423809418355057,-0.10463005039606871,12.529092696589041,23.194278424629104,0.3555271561290995,-0.008605329215765734,5.803030966736431,7.130530069026048,0.049091232269803074,-0.04278464988050458,2,Wealthy Decouplers,ESP,Europe,High income
Sri Lanka,19.47813826202664,22.0236160138756,0.09064673639536586,0.012343014715499492,0.8479529346058461,4.2586296502687855,0.11123128198107728,0.10316265236342403,3.5017839720692203,7.030282761018308,0.11958328473126022,0.042448224067668766,4,Lean Hypertension / Low-Obesity Rising-BP,LKA,Asia,Lower middle income
Sudan,26.789655079210412,30.037525795598906,0.10442968338640103,-0.12235508758749783,1.6551430162211944,7.283540402947405,0.1893311203349747,0.06901156313227533,3.8972191071972744,8.649084237850532,0.16506516553303233,-0.04149478924810429,4,Lean Hypertension / Low-Obesity Rising-BP,SDN,Africa,Lower middle income
Suriname,31.7634417530559,22.974283749411303,-0.3038182765238115,0.02194628015664135,11.92401504245324,25.25708674641266,0.4385363391267189,0.04937774321868049,7.360312456275436,11.81439793251165,0.1443174855074664,0.07823806051301473,3,High-Starting-BP Recovery,SUR,South America,Upper middle income
Swaziland,29.801578926007323,29.49452173484169,-0.02515365139643301,-0.08735841492946453,5.233324940272957,14.734900698589684,0.3124192347606272,0.051951909267683505,4.156189637209762,9.127452718594895,0.165776199645602,0.029313391316426213,4,Lean Hypertension / Low-Obesity Rising-BP,SWZ,Africa,Lower middle income
Sweden,36.266142802247415,20.905655205886042,-0.5093650546138498,-0.05995125265783702,9.802960295538522,19.676438034961727,0.33244163374960295,0.10414675896509307,4.680642127726647,4.90224698242625,0.009850325985320499,-0.0019739463153483523,2,Wealthy Decouplers,SWE,Europe,High income
Switzerland,27.98187127781315,18.82477626710064,-0.32292499640030375,-0.11686860192427917,6.646104789123977,18.699902501484228,0.4022877934358287,-0.10349345378871283,3.2467730042496137,4.026360478412371,0.025378054751218685,-0.04644894235689965,2,Wealthy Decouplers,CHE,Europe,High income
Syrian Arab Republic,30.408727359425267,25.31229893486873,-0.16537860481026062,-0.18894458862901567,11.312244743281875,26.120483264176993,0.4914898640759678,0.1871400287616919,6.441201023449432,13.98379237701992,0.25464865504968554,0.10692922102600114,0,Moderate Transition,SYR,Asia,Lower middle income
Taiwan,23.02676545850175,17.14228901087995,-0.21740853689733206,-0.1939581604357968,1.5561303057649871,6.922258812516342,0.17631410889299923,0.028531086214061557,5.451243175723378,6.857826979215801,0.03985075942808348,-0.01963797491462986,2,Wealthy Decouplers,TWN,Asia,High income
Tajikistan,26.956975687345153,25.721959177502733,-0.04122669793068923,0.16615247547017184,5.018507419649863,12.698473786381161,0.24808167939427436,0.18346738212500927,4.445588138114049,9.3840392972745,0.15791067727151323,0.18776284074942717,0,Moderate Transition,TJK,Asia,Lower middle income
Tanzania,23.451157484791615,27.03233438894511,0.12304789986217803,-0.04114382751331619,1.4283259334176241,7.165982869621695,0.18758581745384065,0.1444899639756082,2.6296712747503377,5.8645411707176756,0.11039257556595862,-0.0054474190093279085,4,Lean Hypertension / Low-Obesity Rising-BP,TZA,Africa,Low income
Thailand,21.00843072744587,22.365198018705108,0.04999102482146341,-0.07782664619457653,1.382145254245407,8.126349498659025,0.2155222758821538,0.22748875989391132,4.5596575166205415,8.295541332466204,0.12719504052448669,0.02153533532810642,4,Lean Hypertension / Low-Obesity Rising-BP,THA,Asia,Upper middle income
Timor-Leste,23.106355016484702,27.4375483527931,0.14984096905703548,-0.10368074874373868,0.41593600890691007,3.075212262237231,0.08608773347009728,0.08570490982765508,2.872201980558538,5.3574272588715575,0.08543277687789645,-0.06277028083366984,4,Lean Hypertension / Low-Obesity Rising-BP,TLS,Asia,Lower middle income
Togo,29.078971930630143,29.13180999869124,-0.002865844603723355,-0.17988118462535174,1.613542297791286,7.217068516478323,0.1855667871095996,0.13048508097324196,3.110248109053863,6.83516696809429,0.12713250314244787,0.04094176605493767,4,Lean Hypertension / Low-Obesity Rising-BP,TGO,Africa,Low income
Tokelau,19.118966251729333,25.610945474912093,0.21711135176165722,0.15174672178833415,19.457108918267238,43.375008703989906,0.8017693045606441,0.11804933949867458,8.831997556910034,25.544740193116475,0.5641844312490125,0.06756600641263666,1,Pacific Extreme Outliers,TKL,Oceania,
Tonga,21.10288227584732,23.038450500836767,0.0650135221437517,0.13182402157237627,25.178464822555263,46.61439044934662,0.7151957092581427,-0.012699206743572833,9.44444904414086,23.18681101910521,0.463909480134683,0.019820440117384763,1,Pacific Extreme Outliers,TON,Oceania,Upper middle income
Trinidad and Tobago,21.86862028829959,25.157358522260516,0.10713525965134421,0.11360062141740751,5.205728894701823,16.829025537039247,0.39132830575413086,0.21676201590466493,4.215002417561419,10.926911541914421,0.2252068842481885,0.1905191022739887,0,Moderate Transition,TTO,North America,High income
Tunisia,30.994386102747463,24.12146632889238,-0.22880058182815569,-0.1501277618687029,10.374402486242397,25.33433424733757,0.5012107859766489,0.07935068485768221,5.651422960518552,11.952756730934421,0.21143619733852764,0.07084502654161925,0,Moderate Transition,TUN,Africa,Lower middle income
Turkey,28.163128130766847,21.541801793259737,-0.22692836513100664,-0.3766192312252135,11.639657280831345,30.2542088492336,0.616497237313203,-0.007431170572882895,5.4823204597755835,12.98940302390406,0.24924629763443987,0.10984695895611779,0,Moderate Transition,TUR,Asia,Upper middle income
Turkmenistan,30.260892304116247,25.55994451682982,-0.15431392469551458,0.10131529040726307,6.811819667400296,16.8462045373172,0.3314443207935866,0.23663148708769963,5.073242226643434,11.24851114456774,0.1997199598086819,0.20858119416431645,0,Moderate Transition,TKM,Asia,Upper middle income
Tuvalu,24.71860500951285,23.924447350050848,-0.024594777833173462,-0.04631389688339129,24.42598085200895,50.163682338177566,0.8561986331397974,-0.16775360716513865,9.550223510071316,23.122453030177518,0.4616601552466928,-0.15162656281713222,1,Pacific Extreme Outliers,TUV,Oceania,Upper middle income
Uganda,21.7814526792528,26.604718684693797,0.16235197782929184,0.05140510325310066,0.9128153025872103,4.492759780561639,0.11722397892540508,0.08799415819198136,1.828152806635575,4.267826670334349,0.08093039188234312,0.04862375570669735,4,Lean Hypertension / Low-Obesity Rising-BP,UGA,Africa,Low income
Ukraine,38.97739669285819,28.148376659781132,-0.3783580639208989,-0.05260575459637029,14.11460783765429,23.25228064645691,0.2975466550314262,0.01039171667567279,5.636735525677837,7.160469536908498,0.04876178211125351,0.024583139578397403,3,High-Starting-BP Recovery,UKR,Europe,Lower middle income
United Arab Emirates,38.68274650043408,21.58785539722928,-0.5555782646485674,0.29824452610706675,19.6123625749431,32.9753783629453,0.44246054943911306,0.23149187952775452,9.907987415438313,14.960044347572119,0.1897416842946786,0.1770151239696845,3,High-Starting-BP Recovery,ARE,Asia,High income
United Kingdom,31.16441128792,16.7237318020219,-0.4922925458077318,-0.21598070651627493,11.726237441741288,26.337679114920082,0.49097315922370843,0.1907436694314701,4.44488603761406,5.735764297927614,0.044769992025544166,-0.022301112118741365,2,Wealthy Decouplers,GBR,Europe,High income
United States of America,22.082150584425385,13.29540009357001,-0.28684953754337567,0.2601867868286958,15.04227612043232,34.64456302792869,0.667426867086029,0.1123246310540632,4.5988627959172375,7.179798903099757,0.09011398464226976,-0.024169923126014084,2,Wealthy Decouplers,USA,North America,High income
Uruguay,38.484826893680896,22.28310043709115,-0.5369753186869077,0.0076809203928088765,13.912162293566814,26.7872094502643,0.4300959984931086,0.07913970046070923,7.427684666821326,9.203372739246982,0.05831967993607142,0.041908396492818537,3,High-Starting-BP Recovery,URY,South America,High income
Uzbekistan,28.33117448770657,25.367291522579627,-0.09725536195914304,0.16341835526205645,5.848841902041627,14.925420957646859,0.2955953860227066,0.17485960653762428,4.6004775661445505,9.864799404571698,0.1700701731844357,0.15695011485724225,0,Moderate Transition,UZB,Asia,Lower middle income
Vanuatu,21.55492300207029,23.8750441645386,0.07962001655354076,0.019846080314798134,8.22549856753339,23.4610785726173,0.5090246944790372,0.14304462173363847,7.3043505593214615,15.084199747783842,0.26139464423723624,0.14603157660398539,0,Moderate Transition,VUT,Oceania,Lower middle income
Venezuela,33.25616185777742,19.76196741859612,-0.4639485975349241,-0.07493551227419876,12.635067504199213,24.87319668309376,0.4108277683392287,-0.0161450980967911,7.088968951242097,9.357057910684052,0.07788938141006028,-0.05323040271540816,2,Wealthy Decouplers,VEN,South America,Upper middle income
Viet Nam,20.46499274950396,23.11678015106736,0.09212735479928316,-0.003309265614999654,0.20702941787308138,1.6332386466083317,0.04547060025400367,0.058856088201693295,2.996308465396713,5.2324943213235215,0.07751856219649952,-0.009086090115733483,4,Lean Hypertension / Low-Obesity Rising-BP,VNM,Asia,Lower middle income
Yemen,26.760394884111328,30.524993735607563,0.12454128125684241,-0.1279816944365697,3.9380678063260297,15.163547929069347,0.3718605367064047,0.22150179638778972,3.410561620771486,10.652030327125088,0.24269308029050535,0.1546999550093924,0,Moderate Transition,YEM,Asia,Lower middle income
Zambia,29.33934115226672,27.27679542691045,-0.06926344260795023,0.04132364678952958,2.3906559860181136,7.077081671680956,0.14869968772839934,0.1075179349347545,3.770546350740478,6.319190926973317,0.08293187086647245,0.021370572392257814,4,Lean Hypertension / Low-Obesity Rising-BP,ZMB,Africa,Lower middle income
Zimbabwe,28.928065453245267,28.24864274202208,-0.03012021058213082,-0.15372130083366045,5.214425381041988,14.352453356450681,0.30891131979751435,0.016005628898911883,4.155990432367678,6.837626561433298,0.09369174519073273,-0.014966124226921382,4,Lean Hypertension / Low-Obesity Rising-BP,ZWE,Africa,Low income
